,r,length_of_url,http_has,suspicious_char,prefix_suffix,dots,slash,phis_term,sub_domain,ip_contain
0,yes,1,1,1,0,1,0,1,0,0
1,yes,0,1,1,1,1,0,0,0,0
2,yes,0,1,1,0,1,0,0,0,0
3,yes,0,1,1,0,1,0,0,1,0
4,yes,0,1,1,0,1,1,0,0,0
5,yes,1,1,1,1,0,1,1,0,0
6,yes,0,1,1,0,1,1,1,1,0
7,yes,0,1,1,0,1,1,0,1,0
8,yes,0,1,1,1,1,1,0,0,0
9,yes,0,1,1,0,1,1,0,0,0
10,yes,0,1,1,0,1,0,0,1,0
11,yes,1,1,1,0,0,0,0,0,0
12,yes,0,1,1,0,1,1,0,0,0
13,yes,0,1,1,0,1,1,0,0,0
14,yes,0,1,1,0,1,1,0,0,0
15,yes,0,1,1,0,1,1,0,0,0
16,yes,1,1,1,1,1,1,1,0,0
17,yes,1,1,1,1,1,1,1,0,0
18,yes,1,1,1,1,1,1,1,0,0
19,yes,1,1,1,1,1,1,1,0,0
20,yes,1,1,1,0,1,0,0,0,0
21,yes,1,1,1,1,1,1,1,0,0
22,yes,1,1,1,1,1,1,1,0,0
23,yes,0,1,1,0,1,1,0,0,0
24,yes,0,1,1,0,1,1,0,0,0
25,yes,1,1,1,0,1,0,0,1,0
26,yes,1,1,1,1,1,1,1,0,0
27,yes,0,1,1,0,1,1,0,0,0
28,yes,0,1,1,0,1,1,0,0,0
29,yes,0,1,1,0,1,1,1,1,0
30,yes,0,1,1,1,1,1,0,0,0
31,yes,1,1,1,1,1,1,1,0,0
32,yes,1,1,1,0,1,0,0,0,0
33,yes,1,1,1,0,0,0,0,0,0
34,yes,0,1,1,0,1,1,0,1,0
35,yes,0,1,1,1,1,1,0,0,0
36,yes,0,1,1,1,1,1,0,0,0
37,yes,1,1,1,0,1,0,0,0,0
38,yes,1,1,1,0,0,0,0,0,0
39,yes,1,1,1,0,0,0,0,0,0
40,yes,1,1,1,1,1,1,1,0,0
41,yes,0,1,1,1,1,1,0,0,0
42,yes,0,1,1,1,1,1,0,0,0
43,yes,1,1,1,1,0,1,1,1,0
44,yes,0,1,1,1,1,1,0,0,0
45,yes,0,1,1,0,1,1,0,0,0
46,yes,0,1,1,0,1,1,0,0,0
47,yes,0,1,1,0,1,1,0,0,0
48,yes,0,1,1,1,1,1,0,0,0
49,yes,0,1,1,1,1,1,0,1,0
50,yes,0,1,1,0,1,0,1,1,0
51,yes,1,1,1,1,1,1,1,1,0
52,yes,0,1,1,0,1,1,0,0,0
53,yes,1,1,1,1,1,0,1,0,0
54,yes,1,1,1,1,1,1,1,0,0
55,yes,1,1,1,0,1,0,0,1,0
56,yes,0,1,1,0,1,1,0,1,0
57,yes,1,1,1,1,1,0,1,0,0
58,yes,0,1,1,0,1,1,0,0,0
59,yes,1,1,1,0,1,0,0,1,0
60,yes,1,1,1,1,1,0,1,0,0
61,yes,0,1,1,0,1,0,0,0,0
62,yes,0,1,1,1,1,1,0,1,0
63,yes,1,1,1,1,1,1,0,1,0
64,yes,1,1,1,0,1,0,0,0,0
65,yes,1,1,1,1,1,0,1,0,0
66,yes,1,1,1,1,1,0,0,0,0
67,yes,0,1,1,0,1,1,0,0,0
68,yes,1,1,1,1,1,1,0,0,0
69,yes,1,1,1,1,1,1,0,0,0
70,yes,0,1,1,1,1,1,1,0,0
71,yes,0,1,1,0,1,1,0,1,0
72,yes,0,1,1,1,1,1,0,0,0
73,yes,1,1,1,1,1,0,1,0,0
74,yes,1,1,1,1,1,1,0,1,0
75,yes,0,1,1,1,1,1,0,1,0
76,yes,1,1,1,1,1,1,1,0,0
77,yes,1,1,1,1,1,1,1,0,0
78,yes,1,1,1,1,1,0,1,0,0
79,yes,1,1,1,0,0,0,1,0,0
80,yes,1,1,1,0,0,0,1,0,0
81,yes,1,1,1,0,0,0,1,0,0
82,yes,1,1,1,1,1,1,1,0,0
83,yes,1,1,1,1,1,0,1,0,0
84,yes,1,1,1,1,1,1,1,0,0
85,yes,1,1,1,1,1,0,1,0,0
86,yes,1,1,1,0,0,0,0,0,0
87,yes,1,1,1,0,1,0,0,1,0
88,yes,0,1,1,1,1,1,0,0,0
89,yes,0,1,1,0,1,1,0,1,0
90,yes,1,1,1,0,1,1,0,0,0
91,yes,1,1,1,0,1,0,0,1,0
92,yes,1,1,1,0,0,0,0,0,0
93,yes,0,1,1,0,1,1,0,0,0
94,yes,0,1,1,1,1,1,1,0,0
95,yes,0,1,1,1,1,1,0,0,0
96,yes,0,1,1,1,1,0,1,1,0
97,yes,1,1,1,0,0,0,0,0,0
98,yes,1,1,1,1,1,1,1,0,0
99,yes,1,1,1,1,1,1,1,0,0
100,yes,1,1,1,1,1,1,1,0,0
101,yes,1,1,1,0,0,0,0,0,0
102,yes,1,1,1,1,1,1,1,0,0
103,yes,1,1,1,1,1,1,1,0,0
104,yes,1,1,1,1,1,1,1,0,0
105,yes,1,1,1,1,1,1,1,0,0
106,yes,1,1,1,1,1,1,1,0,0
107,yes,1,1,1,1,1,1,1,0,0
108,yes,0,1,1,0,1,1,0,0,0
109,yes,1,1,1,1,1,1,0,1,0
110,yes,1,1,1,0,1,0,0,1,0
111,yes,0,1,1,0,1,1,0,0,0
112,yes,1,1,1,0,1,0,0,1,0
113,yes,1,1,1,0,1,0,0,0,0
114,yes,1,1,1,0,1,1,0,0,0
115,yes,0,1,1,1,1,0,1,0,0
116,yes,1,1,1,1,1,0,0,1,0
117,yes,0,1,1,1,1,1,0,1,0
118,yes,1,1,1,0,1,0,0,1,0
119,yes,0,1,1,0,1,0,0,1,0
120,yes,0,1,1,0,1,1,0,0,0
121,yes,0,1,1,0,1,1,0,0,0
122,yes,0,1,1,1,1,0,1,0,0
123,yes,1,1,1,1,1,1,1,0,0
124,yes,1,1,1,0,1,0,0,0,0
125,yes,0,1,1,0,1,0,0,0,0
126,yes,0,1,1,0,1,1,0,1,0
127,yes,1,1,1,1,1,1,1,1,0
128,yes,0,1,1,1,1,1,0,0,0
129,yes,0,1,1,0,1,1,0,0,0
130,yes,0,1,1,0,1,1,1,0,0
131,yes,1,1,1,1,1,1,1,0,0
132,yes,1,1,1,1,1,0,1,1,0
133,yes,1,1,1,1,1,0,1,0,0
134,yes,1,1,1,0,1,1,1,0,0
135,yes,1,1,1,1,1,0,1,1,0
136,yes,1,1,1,1,1,1,1,0,0
137,yes,1,1,1,1,1,1,1,0,0
138,yes,1,1,1,1,1,1,0,0,0
139,yes,1,1,1,1,1,0,0,0,0
140,yes,1,1,1,1,1,0,0,0,0
141,yes,1,1,1,0,1,0,0,1,0
142,yes,0,1,1,0,1,1,0,0,0
143,yes,0,1,1,0,1,0,0,0,0
144,yes,1,1,1,0,1,0,1,1,0
145,yes,0,1,1,1,1,1,0,0,0
146,yes,0,1,1,1,1,0,1,0,0
147,yes,1,1,1,0,0,0,0,0,0
148,yes,1,1,1,1,1,1,1,0,0
149,yes,0,1,1,0,1,1,0,1,0
150,yes,1,1,1,1,1,0,0,1,0
151,yes,1,1,1,1,1,0,1,0,0
152,yes,0,1,1,0,1,1,0,0,0
153,yes,1,1,1,1,1,1,0,1,0
154,yes,1,1,1,1,1,1,0,0,0
155,yes,0,1,1,1,1,1,0,0,0
156,yes,0,1,1,0,1,1,0,0,0
157,yes,1,1,1,0,1,0,0,0,0
158,yes,0,1,1,0,1,1,0,1,0
159,yes,0,1,1,0,1,1,0,0,0
160,yes,0,1,1,1,1,1,0,0,0
161,yes,1,1,1,0,1,0,0,0,0
162,yes,0,1,1,0,1,1,0,1,0
163,yes,1,1,1,1,1,0,0,1,0
164,yes,1,1,1,0,1,0,0,0,0
165,yes,0,1,1,0,1,1,0,0,0
166,yes,0,1,1,1,1,0,0,1,0
167,yes,0,1,1,0,1,1,0,1,0
168,yes,1,1,1,1,1,1,0,1,0
169,yes,0,1,1,0,1,1,0,0,0
170,yes,0,1,1,0,1,1,0,0,0
171,yes,1,1,1,1,1,0,0,1,0
172,yes,1,1,1,0,1,1,0,0,0
173,yes,1,1,1,0,1,0,0,1,0
174,yes,0,1,1,0,1,1,0,1,0
175,yes,1,1,1,0,1,0,0,0,0
176,yes,1,1,1,1,1,0,0,0,0
177,yes,0,1,1,0,1,1,0,1,0
178,yes,0,1,1,1,1,1,0,1,0
179,yes,1,1,1,0,1,0,0,1,0
180,yes,0,1,1,0,1,1,0,1,0
181,yes,0,1,1,0,1,1,0,1,0
182,yes,1,1,1,1,1,1,1,0,0
183,yes,1,1,1,1,1,1,1,0,0
184,yes,1,1,1,1,1,1,1,0,0
185,yes,1,1,1,1,1,0,1,0,0
186,yes,1,1,1,0,1,1,1,0,0
187,yes,1,1,1,0,1,1,1,0,0
188,yes,1,1,1,0,1,1,1,0,0
189,yes,1,1,1,0,1,1,1,0,0
190,yes,1,1,1,0,1,1,1,0,0
191,yes,1,1,1,1,1,1,0,1,0
192,yes,1,1,1,1,1,0,0,0,0
193,yes,1,1,1,1,1,1,1,0,0
194,yes,1,1,1,1,1,1,1,0,0
195,yes,1,1,1,0,1,1,0,0,0
196,yes,0,1,1,0,1,1,0,1,0
197,yes,0,1,1,0,1,1,0,0,0
198,yes,0,1,1,1,1,1,0,1,0
199,yes,1,1,1,0,1,0,0,0,0
200,yes,0,1,1,1,1,1,0,0,0
201,yes,0,1,1,0,1,1,0,0,0
202,yes,0,1,1,1,1,1,0,0,0
203,yes,0,1,1,1,1,1,0,0,0
204,yes,1,1,1,1,1,0,1,0,0
205,yes,0,1,1,0,1,1,1,0,0
206,yes,1,1,1,1,0,1,1,1,0
207,yes,1,1,1,1,1,1,1,0,0
208,yes,1,1,1,1,1,1,1,0,0
209,yes,1,1,1,1,1,1,1,0,0
210,yes,1,1,1,1,1,1,1,0,0
211,yes,1,1,1,1,1,1,1,0,0
212,yes,0,1,1,0,1,1,1,0,0
213,yes,1,1,1,1,1,1,1,0,0
214,yes,1,1,1,1,1,0,1,0,0
215,yes,0,1,1,0,1,1,1,0,0
216,yes,0,1,1,0,1,1,1,0,0
217,yes,0,1,1,0,1,1,1,0,0
218,yes,1,1,1,1,1,1,1,0,0
219,yes,0,1,1,0,1,1,1,0,0
220,yes,0,1,1,0,1,1,1,0,0
221,yes,0,1,1,0,1,1,1,0,0
222,yes,1,1,1,1,1,1,1,0,0
223,yes,0,1,1,0,1,1,1,0,0
224,yes,1,1,1,1,1,1,1,0,0
225,yes,0,1,1,0,1,1,1,0,0
226,yes,1,1,1,0,1,1,1,0,0
227,yes,1,1,1,1,1,1,1,0,0
228,yes,1,1,1,1,1,1,0,1,0
229,yes,0,1,1,0,1,1,0,1,0
230,yes,1,1,1,0,1,0,0,0,0
231,yes,1,1,1,1,1,1,1,0,0
232,yes,1,1,1,0,1,0,0,1,0
233,yes,0,1,1,0,1,1,0,0,0
234,yes,0,1,1,0,1,1,0,1,0
235,yes,1,1,1,0,0,0,0,0,0
236,yes,1,1,1,1,1,0,0,0,0
237,yes,1,1,1,1,1,1,0,1,0
238,yes,0,1,1,1,1,1,0,0,0
239,yes,0,1,1,1,1,1,1,1,0
240,yes,0,1,1,0,1,1,0,0,0
241,yes,0,1,1,0,1,1,0,0,0
242,yes,0,1,1,1,1,1,0,0,0
243,yes,0,1,1,0,1,1,0,1,0
244,yes,0,1,1,0,1,1,0,0,0
245,yes,1,1,1,1,1,0,1,1,0
246,yes,0,1,1,0,1,1,0,0,0
247,yes,1,1,1,1,1,1,1,0,0
248,yes,0,1,1,1,1,1,0,0,0
249,yes,1,1,1,0,1,1,0,1,0
250,yes,0,1,1,0,1,1,0,0,0
251,yes,1,1,1,0,1,0,0,0,0
252,yes,1,1,1,0,1,0,0,0,0
253,yes,1,1,1,0,1,1,0,0,0
254,yes,1,1,1,0,1,1,0,0,0
255,yes,0,1,1,0,1,1,0,0,0
256,yes,1,1,1,1,1,0,0,0,0
257,yes,0,1,1,0,1,1,0,0,0
258,yes,0,1,1,0,1,1,0,1,0
259,yes,0,1,1,1,1,1,0,1,0
260,yes,0,1,1,0,1,1,0,1,0
261,yes,1,1,1,1,0,1,0,0,0
262,yes,0,1,1,0,1,0,0,0,0
263,yes,1,1,1,0,1,0,1,0,0
264,yes,0,1,1,0,1,0,1,0,0
265,yes,0,1,1,1,1,1,0,0,0
266,yes,0,1,1,0,1,1,0,0,0
267,yes,0,1,1,1,1,0,0,0,0
268,yes,0,1,1,1,1,0,0,0,0
269,yes,1,1,1,1,0,0,1,1,0
270,yes,1,1,1,0,1,0,0,1,0
271,yes,1,1,1,0,1,0,1,0,0
272,yes,0,1,1,1,1,1,0,0,0
273,yes,0,1,1,0,1,0,0,0,0
274,yes,0,1,1,0,1,0,0,0,0
275,yes,1,1,1,1,1,1,1,0,0
276,yes,1,1,1,1,1,1,1,0,0
277,yes,1,1,1,1,1,1,1,0,0
278,yes,1,1,1,1,0,1,1,1,0
279,yes,0,1,1,0,1,0,0,0,0
280,yes,0,1,1,0,1,1,0,0,0
281,yes,0,1,1,0,1,1,0,0,0
282,yes,0,1,1,0,1,1,0,1,0
283,yes,0,1,1,0,1,1,0,0,0
284,yes,0,1,1,0,1,1,0,1,0
285,yes,1,1,1,0,1,0,0,1,0
286,yes,0,1,1,0,1,1,1,0,0
287,yes,1,1,1,1,1,1,1,0,0
288,yes,1,1,1,1,1,1,1,0,0
289,yes,1,1,1,1,1,1,1,0,0
290,yes,0,1,1,0,1,1,0,0,0
291,yes,0,1,1,0,1,1,0,1,0
292,yes,0,1,1,0,1,1,0,1,0
293,yes,0,1,1,0,1,1,1,0,0
294,yes,0,1,1,0,1,1,0,1,0
295,yes,0,1,1,0,1,1,0,0,0
296,yes,0,1,1,1,1,0,0,1,0
297,yes,0,1,1,0,1,1,1,1,0
298,yes,1,1,1,0,1,0,0,0,0
299,yes,1,1,1,0,1,0,0,0,0
300,yes,1,1,1,1,1,0,0,1,0
301,yes,1,1,1,1,1,0,0,1,0
302,yes,0,1,1,1,1,1,1,0,0
303,yes,1,1,1,1,1,1,1,0,0
304,yes,1,1,1,0,1,1,0,0,0
305,yes,1,1,1,1,0,1,1,0,0
306,yes,0,1,1,0,1,0,0,0,0
307,yes,1,1,1,0,0,0,1,1,0
308,yes,1,1,1,1,1,1,0,0,0
309,yes,1,1,1,0,1,1,0,0,0
310,yes,1,1,1,1,0,1,1,0,0
311,yes,1,1,1,1,1,1,0,1,0
312,yes,0,1,1,0,1,0,0,1,0
313,yes,0,1,1,1,1,1,0,0,0
314,yes,0,1,1,0,1,0,0,0,0
315,yes,1,1,1,0,1,0,0,1,0
316,yes,1,1,1,0,1,0,0,1,0
317,yes,1,1,1,0,1,1,0,1,0
318,yes,0,1,1,1,1,1,0,0,0
319,yes,1,1,1,0,0,0,0,0,0
320,yes,1,1,1,0,0,0,0,1,0
321,yes,0,1,1,0,1,0,0,1,0
322,yes,0,1,1,0,1,1,0,0,0
323,yes,0,1,1,0,1,1,0,1,0
324,yes,0,1,1,0,1,1,0,0,0
325,yes,1,1,1,0,1,0,0,1,0
326,yes,0,1,1,0,1,1,0,1,0
327,yes,1,1,1,1,1,1,0,1,0
328,yes,0,1,1,0,1,1,0,1,0
329,yes,0,1,1,0,1,1,0,1,0
330,yes,1,1,1,0,1,0,1,0,0
331,yes,1,1,1,0,1,0,1,0,0
332,yes,0,1,1,0,1,1,0,1,0
333,yes,1,1,1,1,1,1,1,0,0
334,yes,1,1,1,1,1,1,1,0,0
335,yes,1,1,1,1,1,1,1,0,0
336,yes,0,1,1,0,1,1,0,0,0
337,yes,1,1,1,0,1,1,0,0,0
338,yes,1,1,1,0,1,0,0,0,0
339,yes,0,1,1,0,1,1,0,0,0
340,yes,1,1,1,0,0,1,0,0,0
341,yes,1,1,1,0,1,1,0,0,0
342,yes,1,1,1,1,1,1,1,0,0
343,yes,1,1,1,1,1,1,1,0,0
344,yes,1,1,1,1,1,1,0,1,0
345,yes,1,1,1,1,0,1,0,0,0
346,yes,0,1,1,0,1,1,0,0,0
347,yes,1,1,1,1,1,1,1,0,0
348,yes,1,1,1,1,1,1,1,0,0
349,yes,1,1,1,1,1,1,1,0,0
350,yes,1,1,1,1,1,1,1,0,0
351,yes,1,1,1,1,1,1,1,0,0
352,yes,1,1,1,1,1,1,1,0,0
353,yes,0,1,1,0,1,1,1,0,0
354,yes,0,1,1,1,1,1,0,1,0
355,yes,1,1,1,1,0,0,1,0,0
356,yes,1,1,1,1,1,0,0,0,0
357,yes,0,1,1,0,1,1,0,0,0
358,yes,0,1,1,0,1,1,0,1,0
359,yes,1,1,1,0,1,0,0,0,0
360,yes,0,1,1,0,1,1,0,0,0
361,yes,0,1,1,0,1,1,0,0,0
362,yes,0,1,1,0,1,0,0,0,0
363,yes,1,1,1,0,1,1,0,0,0
364,yes,0,1,1,1,1,1,0,0,0
365,yes,0,1,1,1,1,1,0,0,0
366,yes,0,1,1,0,1,1,0,0,0
367,yes,1,1,1,1,1,1,0,0,0
368,yes,1,1,1,0,0,0,1,1,0
369,yes,1,1,1,0,0,0,1,1,0
370,yes,1,1,1,0,0,0,1,1,0
371,yes,1,1,1,0,0,0,1,1,0
372,yes,1,1,1,0,0,0,1,1,0
373,yes,1,1,1,0,0,0,1,1,0
374,yes,1,1,1,1,0,0,1,1,0
375,yes,1,1,1,1,1,0,0,0,0
376,yes,0,1,1,1,1,0,0,0,0
377,yes,1,1,1,1,1,0,0,0,0
378,yes,0,1,1,1,1,0,0,0,0
379,yes,0,1,1,0,1,1,0,0,0
380,yes,1,1,1,0,1,0,0,1,0
381,yes,1,1,1,0,1,0,0,1,0
382,yes,0,1,1,0,1,1,1,0,0
383,yes,1,1,1,0,1,0,0,0,0
384,yes,1,1,1,1,1,1,1,0,0
385,yes,0,1,1,0,1,1,0,0,0
386,yes,0,1,1,0,1,1,0,1,0
387,yes,1,1,1,0,1,0,0,0,0
388,yes,1,1,1,0,1,0,0,1,0
389,yes,0,1,1,0,1,1,0,1,0
390,yes,0,1,1,1,1,1,0,0,0
391,yes,0,1,1,0,1,1,0,0,0
392,yes,0,1,1,0,1,1,0,0,0
393,yes,0,1,1,1,1,0,0,0,0
394,yes,1,1,1,1,1,1,1,0,0
395,yes,0,1,1,0,1,1,0,0,0
396,yes,1,1,1,1,1,1,1,0,0
397,yes,1,1,1,0,1,0,0,1,0
398,yes,0,1,1,0,1,1,0,0,0
399,yes,1,1,1,1,1,1,1,0,0
400,yes,1,1,1,1,1,1,1,0,0
401,yes,0,1,1,0,1,1,0,0,0
402,yes,1,1,1,1,1,1,1,0,0
403,yes,1,1,1,1,1,1,1,0,0
404,yes,0,1,1,0,1,1,0,1,0
405,yes,1,1,1,0,0,0,0,0,0
406,yes,1,1,1,0,0,0,0,0,0
407,yes,1,1,1,0,0,0,0,0,0
408,yes,1,1,1,1,0,1,0,0,0
409,yes,1,1,1,1,1,1,0,0,0
410,yes,0,1,1,0,1,1,0,0,0
411,yes,1,1,1,1,0,0,1,0,0
412,yes,0,1,1,0,1,1,1,0,0
413,yes,0,1,1,0,1,0,0,0,0
414,yes,1,1,1,1,1,1,1,0,0
415,yes,0,1,1,0,1,1,0,0,0
416,yes,1,1,1,0,1,1,1,0,0
417,yes,0,1,1,0,1,1,0,0,0
418,yes,1,1,1,0,1,0,0,1,0
419,yes,0,1,1,0,1,1,0,0,0
420,yes,0,1,1,0,1,1,0,0,0
421,yes,1,1,1,1,1,1,1,0,0
422,yes,0,1,1,0,1,1,0,0,0
423,yes,1,1,1,1,1,1,1,0,0
424,yes,1,1,1,1,1,1,1,0,0
425,yes,0,1,1,1,1,1,0,0,0
426,yes,0,1,1,1,1,1,0,0,0
427,yes,0,1,1,1,1,1,0,0,0
428,yes,0,1,1,1,1,1,0,0,0
429,yes,1,1,1,0,1,1,0,1,0
430,yes,0,1,1,1,1,1,1,0,0
431,yes,0,1,1,0,1,0,0,0,0
432,yes,0,1,1,0,1,1,0,0,0
433,yes,1,1,1,1,1,0,0,0,0
434,yes,1,1,1,1,1,1,1,0,0
435,yes,1,1,1,1,1,0,0,0,0
436,yes,0,1,1,0,1,0,0,0,0
437,yes,1,1,1,1,1,0,0,0,0
438,yes,0,1,1,0,1,1,0,1,0
439,yes,1,1,1,0,1,0,0,0,0
440,yes,0,1,1,1,1,1,0,0,0
441,yes,0,1,1,0,1,1,0,1,0
442,yes,0,1,1,1,1,1,1,0,0
443,yes,1,1,1,1,0,0,1,0,0
444,yes,1,1,1,0,0,0,0,0,0
445,yes,1,1,1,1,1,1,1,0,0
446,yes,1,1,1,0,0,0,0,0,0
447,yes,0,1,1,1,1,1,1,0,0
448,yes,1,1,1,1,1,1,1,0,0
449,yes,1,1,1,0,1,0,1,1,0
450,yes,1,1,1,1,1,1,0,0,0
451,yes,1,1,1,1,1,0,0,1,0
452,yes,1,1,1,1,1,0,0,0,0
453,yes,1,1,1,1,1,0,0,0,0
454,yes,1,1,1,0,0,1,0,0,0
455,yes,0,1,1,0,1,1,0,0,0
456,yes,0,1,1,0,1,0,0,0,0
457,yes,1,1,1,1,1,1,0,0,0
458,yes,1,1,1,0,1,0,0,0,0
459,yes,1,1,1,0,0,0,0,0,0
460,yes,1,1,1,0,0,1,0,0,0
461,yes,1,1,1,0,1,0,1,1,0
462,yes,0,1,1,0,1,1,0,1,0
463,yes,1,1,1,1,0,0,1,0,0
464,yes,0,1,1,1,1,1,0,0,0
465,yes,1,1,1,1,0,1,0,0,0
466,yes,0,1,1,0,1,1,0,1,0
467,yes,1,1,1,1,1,0,0,0,0
468,yes,1,1,1,0,1,1,1,0,0
469,yes,0,1,1,0,1,1,0,0,0
470,yes,0,1,1,1,1,0,0,0,0
471,yes,1,1,1,0,1,1,0,1,0
472,yes,0,1,1,0,1,1,0,1,0
473,yes,0,1,1,0,1,1,0,0,0
474,yes,1,1,1,0,1,1,0,1,0
475,yes,1,1,1,0,1,0,0,0,0
476,yes,1,1,1,1,1,0,0,0,0
477,yes,0,1,1,0,0,1,0,1,0
478,yes,1,1,1,0,0,0,0,0,0
479,yes,1,1,1,1,1,1,1,0,0
480,yes,1,1,1,1,1,1,1,0,0
481,yes,0,1,1,0,1,0,0,0,0
482,yes,0,1,1,1,1,1,0,1,0
483,yes,0,1,1,1,1,1,0,0,0
484,yes,0,1,1,0,1,1,0,0,0
485,yes,1,1,1,1,1,1,1,0,0
486,yes,1,1,1,0,1,0,0,0,0
487,yes,0,1,1,0,1,1,0,1,0
488,yes,0,1,1,0,1,0,0,1,0
489,yes,1,1,1,1,0,0,1,0,0
490,yes,0,1,1,1,1,1,1,0,0
491,yes,0,1,1,1,1,1,0,0,0
492,yes,0,1,1,1,1,1,1,0,0
493,yes,1,1,1,0,1,1,1,0,0
494,yes,0,1,1,1,1,1,1,0,0
495,yes,0,1,1,1,1,1,1,0,0
496,yes,0,1,1,1,1,1,1,0,0
497,yes,0,1,1,0,1,0,0,0,0
498,yes,1,1,1,0,1,0,0,1,0
499,yes,1,1,1,0,1,1,0,1,0
500,yes,1,1,1,1,0,0,1,0,0
501,yes,1,1,1,1,1,0,1,0,0
502,yes,0,1,1,0,1,0,0,0,0
503,yes,1,1,1,0,0,0,0,0,0
504,yes,1,1,1,1,1,0,1,0,0
505,yes,1,1,1,1,0,0,1,0,0
506,yes,1,1,1,1,0,0,1,0,0
507,yes,0,1,1,0,1,1,0,1,0
508,yes,0,1,1,0,1,1,0,1,0
509,yes,0,1,1,0,1,1,0,1,0
510,yes,0,1,1,0,1,1,0,0,0
511,yes,1,1,1,0,1,1,0,0,0
512,yes,1,1,1,0,1,0,0,1,0
513,yes,1,1,1,1,1,0,1,0,0
514,yes,1,1,1,1,1,0,1,0,0
515,yes,1,1,1,1,1,0,1,1,0
516,yes,0,1,1,0,1,1,0,1,0
517,yes,0,1,1,1,1,1,0,0,0
518,yes,1,1,1,1,0,0,1,0,0
519,yes,0,1,1,0,1,1,0,1,0
520,yes,1,1,1,1,0,0,1,0,0
521,yes,0,1,1,0,1,1,0,1,0
522,yes,0,1,1,0,1,0,1,0,0
523,yes,1,1,1,0,1,0,0,1,0
524,yes,0,1,1,0,1,1,1,0,0
525,yes,1,1,1,1,0,0,1,0,0
526,yes,0,1,1,0,1,1,0,0,0
527,yes,1,1,1,0,0,1,0,0,0
528,yes,1,1,1,0,1,0,0,0,0
529,yes,1,1,1,0,0,1,0,0,0
530,yes,1,1,1,1,1,0,0,0,0
531,yes,1,1,1,1,1,0,0,0,0
532,yes,0,1,1,1,1,1,0,1,0
533,yes,0,1,1,0,1,1,0,0,0
534,yes,1,1,1,1,1,0,1,0,0
535,yes,1,1,1,1,1,0,1,0,0
536,yes,1,1,1,1,1,0,1,0,0
537,yes,1,1,1,1,1,0,1,0,0
538,yes,1,1,1,1,1,0,1,0,0
539,yes,1,1,1,1,1,0,1,0,0
540,yes,1,1,1,1,1,0,1,0,0
541,yes,1,1,1,1,1,0,1,0,0
542,yes,1,1,1,1,1,0,1,0,0
543,yes,0,1,1,0,1,1,0,0,0
544,yes,1,1,1,1,1,1,0,1,0
545,yes,1,1,1,1,1,0,0,0,0
546,yes,0,1,1,1,1,1,0,1,0
547,yes,0,1,1,0,1,1,0,0,0
548,yes,1,1,1,1,1,0,0,0,0
549,yes,1,1,1,0,1,1,0,0,0
550,yes,1,1,1,1,1,0,0,0,0
551,yes,1,1,1,0,1,0,0,0,0
552,yes,0,1,1,0,1,1,0,1,0
553,yes,0,1,1,0,1,1,0,0,0
554,yes,0,1,1,0,1,0,0,0,0
555,yes,1,1,1,1,1,1,0,0,0
556,yes,0,1,1,0,1,1,0,0,0
557,yes,1,1,1,0,1,0,0,0,0
558,yes,1,1,1,0,1,1,1,0,0
559,yes,0,1,1,0,1,1,0,1,0
560,yes,1,1,1,1,1,0,1,0,0
561,yes,0,1,1,0,1,1,0,0,0
562,yes,0,1,1,0,1,1,0,0,0
563,yes,1,1,1,0,1,0,0,0,0
564,yes,0,1,1,0,1,1,0,1,0
565,yes,0,1,1,0,1,1,0,1,0
566,yes,1,1,1,1,1,0,1,0,0
567,yes,1,1,1,1,1,0,0,0,0
568,yes,0,1,1,0,1,1,0,0,0
569,yes,1,1,1,1,1,0,1,0,0
570,yes,1,1,1,0,1,0,0,0,0
571,yes,1,1,1,0,1,0,0,0,0
572,yes,0,1,1,0,1,1,0,0,0
573,yes,0,1,1,1,1,1,1,0,0
574,yes,0,1,1,1,1,1,1,0,0
575,yes,1,1,1,1,1,0,0,0,0
576,yes,0,1,1,0,1,0,0,0,0
577,yes,0,1,1,1,1,1,0,0,0
578,yes,0,1,1,1,1,1,0,0,0
579,yes,0,1,1,0,1,1,0,0,0
580,yes,1,1,1,0,1,1,0,0,0
581,yes,0,1,1,0,1,1,0,0,0
582,yes,1,1,1,0,1,0,0,1,0
583,yes,1,1,1,1,1,0,0,0,0
584,yes,1,1,1,1,0,0,0,0,0
585,yes,1,1,1,1,1,1,1,0,0
586,yes,0,1,1,0,1,1,1,1,0
587,yes,0,1,1,0,1,1,0,0,0
588,yes,1,1,1,1,1,1,1,0,0
589,yes,0,1,1,0,1,1,0,1,0
590,yes,0,1,1,0,1,1,0,1,0
591,yes,0,1,1,0,1,0,0,0,0
592,yes,0,1,1,0,1,1,0,0,0
593,yes,0,1,1,1,1,1,0,1,0
594,yes,0,1,1,0,1,1,0,0,0
595,yes,1,1,1,0,0,0,0,0,0
596,yes,1,1,1,0,0,0,0,0,0
597,yes,0,1,1,0,1,0,0,0,0
598,yes,1,1,1,0,0,0,0,0,0
599,yes,0,1,1,0,1,1,0,0,0
600,yes,1,1,1,0,1,0,0,1,0
601,yes,0,1,1,0,1,1,0,1,0
602,yes,0,1,1,0,1,1,0,1,0
603,yes,1,1,1,0,0,0,0,1,0
604,yes,1,1,1,0,0,0,0,0,0
605,yes,0,1,1,1,1,1,0,0,0
606,yes,1,1,1,1,1,0,0,0,0
607,yes,1,1,1,1,1,0,0,0,0
608,yes,0,1,1,0,1,1,0,1,0
609,yes,0,1,1,1,1,1,0,1,0
610,yes,1,1,1,1,1,1,1,1,0
611,yes,1,1,1,0,0,1,0,0,0
612,yes,0,1,1,0,1,1,0,0,0
613,yes,1,1,1,1,1,1,1,0,0
614,yes,1,1,1,0,1,1,1,0,0
615,yes,0,1,1,0,1,1,0,0,0
616,yes,1,1,1,0,1,0,1,0,0
617,yes,0,1,1,0,1,0,0,1,0
618,yes,0,1,1,0,1,1,0,0,0
619,yes,1,1,1,0,1,0,0,0,0
620,yes,0,1,1,0,1,1,0,0,0
621,yes,1,1,1,0,1,0,0,0,0
622,yes,1,1,1,0,0,1,0,0,0
623,yes,0,1,1,0,1,1,0,1,0
624,yes,0,1,1,0,1,1,0,0,0
625,yes,1,1,1,1,1,0,1,0,0
626,yes,1,1,1,1,1,0,1,1,0
627,yes,0,1,1,0,1,1,0,0,0
628,yes,0,1,1,1,1,1,1,0,0
629,yes,0,1,1,0,1,0,1,0,0
630,yes,1,1,1,0,1,0,0,0,0
631,yes,0,1,1,0,1,1,0,1,0
632,yes,0,1,1,0,1,1,1,0,0
633,yes,1,1,1,1,1,1,1,0,0
634,yes,0,1,1,0,1,1,0,1,0
635,yes,1,1,1,1,1,1,1,0,0
636,yes,1,1,1,1,1,0,1,0,0
637,yes,1,1,1,0,1,0,1,1,0
638,yes,0,1,1,0,1,1,0,1,0
639,yes,0,1,1,0,1,1,0,1,0
640,yes,1,1,1,1,1,1,1,0,0
641,yes,0,1,1,0,1,1,1,0,0
642,yes,0,1,1,0,1,1,0,0,0
643,yes,0,1,1,0,1,1,0,1,0
644,yes,1,1,1,1,1,1,0,0,0
645,yes,0,1,1,0,1,1,0,0,0
646,yes,0,1,1,0,1,1,0,1,0
647,yes,0,1,1,0,1,1,0,0,0
648,yes,0,1,1,1,1,1,1,0,0
649,yes,0,1,1,0,1,1,0,0,0
650,yes,0,1,1,1,1,1,0,0,0
651,yes,1,1,1,0,1,1,0,0,0
652,yes,0,1,1,0,1,1,0,0,0
653,yes,0,1,1,1,1,0,0,0,0
654,yes,0,1,1,1,1,1,0,0,0
655,yes,0,1,1,1,1,1,1,0,0
656,yes,0,1,1,1,1,1,1,0,0
657,yes,0,1,1,0,1,1,0,0,0
658,yes,0,1,1,0,1,1,0,0,0
659,yes,1,1,1,1,1,0,0,0,0
660,yes,1,1,1,1,1,1,1,0,0
661,yes,1,1,1,1,1,1,1,0,0
662,yes,1,1,1,1,1,1,1,0,0
663,yes,1,1,1,1,1,1,1,0,0
664,yes,1,1,1,1,1,1,0,1,0
665,yes,0,1,1,1,1,1,0,0,0
666,yes,1,1,1,1,1,1,1,0,0
667,yes,0,1,1,0,1,1,0,0,0
668,yes,0,1,1,0,1,1,0,0,0
669,yes,0,1,1,0,1,1,0,1,0
670,yes,1,1,1,1,1,1,1,0,0
671,yes,1,1,1,1,1,1,1,0,0
672,yes,1,1,1,0,1,0,1,0,0
673,yes,1,1,1,0,1,0,0,0,0
674,yes,0,1,1,1,1,1,0,0,0
675,yes,1,1,1,0,1,0,1,0,0
676,yes,1,1,1,1,1,1,1,0,0
677,yes,1,1,1,1,1,1,1,0,0
678,yes,0,1,1,1,1,1,0,0,0
679,yes,0,1,1,1,1,1,1,0,0
680,yes,1,1,1,1,1,1,1,0,0
681,yes,0,1,1,0,1,1,0,0,0
682,yes,0,1,1,0,1,1,0,0,0
683,yes,0,1,1,0,1,1,0,1,0
684,yes,0,1,1,0,1,1,0,0,0
685,yes,0,1,1,0,1,1,0,0,0
686,yes,1,1,1,1,1,1,1,0,0
687,yes,1,1,1,0,1,0,0,0,0
688,yes,1,1,1,0,1,0,1,0,0
689,yes,0,1,1,1,1,1,0,1,0
690,yes,0,1,1,0,1,1,0,1,0
691,yes,0,1,1,0,1,0,1,1,0
692,yes,1,1,1,0,1,1,1,0,0
693,yes,0,1,1,0,1,0,0,1,0
694,yes,0,1,1,0,1,1,0,1,0
695,yes,0,1,1,0,1,1,0,0,0
696,yes,0,1,1,0,1,1,0,0,0
697,yes,0,1,1,0,1,1,1,0,0
698,yes,0,1,1,1,1,1,0,1,0
699,yes,1,1,1,0,1,1,0,0,0
700,yes,1,1,1,0,0,1,0,1,0
701,yes,0,1,1,0,1,1,0,1,0
702,yes,0,1,1,0,1,1,1,0,0
703,yes,0,1,1,1,1,1,0,0,0
704,yes,1,1,1,0,1,1,0,1,0
705,yes,1,1,1,0,1,1,0,0,0
706,yes,0,1,1,0,1,1,0,0,0
707,yes,1,1,1,1,0,0,0,0,0
708,yes,1,1,1,1,1,1,1,0,0
709,yes,0,1,1,0,1,1,0,0,0
710,yes,0,1,1,1,1,0,0,1,0
711,yes,1,1,1,0,0,0,0,0,0
712,yes,1,1,1,0,1,0,0,1,0
713,yes,1,1,1,1,1,0,0,0,0
714,yes,1,1,1,0,1,0,1,0,0
715,yes,1,1,1,1,1,0,0,1,0
716,yes,0,1,1,1,1,1,1,0,0
717,yes,1,1,1,1,1,1,1,1,0
718,yes,1,1,1,1,1,1,1,0,0
719,yes,1,1,1,1,1,0,0,0,0
720,yes,0,1,1,1,1,1,0,0,0
721,yes,0,1,1,0,1,1,0,0,0
722,yes,1,1,1,0,1,0,0,0,0
723,yes,1,1,1,1,1,1,0,0,0
724,yes,0,1,1,1,1,0,0,1,0
725,yes,0,1,1,0,1,1,0,1,0
726,yes,0,1,1,0,1,1,0,1,0
727,yes,1,1,1,1,1,0,0,0,0
728,yes,0,1,1,0,1,1,0,1,0
729,yes,1,1,1,1,1,0,0,1,0
730,yes,0,1,1,1,1,1,0,0,0
731,yes,0,1,1,1,1,1,0,0,0
732,yes,1,1,1,0,1,1,0,0,0
733,yes,1,1,1,1,1,1,0,0,0
734,yes,1,1,1,0,1,0,0,0,0
735,yes,1,1,1,1,1,1,1,0,0
736,yes,1,1,1,0,1,0,0,0,0
737,yes,1,1,1,1,1,1,0,1,0
738,yes,1,1,1,0,1,0,0,0,0
739,yes,1,1,1,0,1,0,0,0,0
740,yes,1,1,1,0,1,1,0,1,0
741,yes,0,1,1,1,1,1,0,0,0
742,yes,0,1,1,0,1,1,0,0,0
743,yes,1,1,1,1,1,1,1,0,0
744,yes,1,1,1,0,1,1,1,0,0
745,yes,0,1,1,0,1,1,0,0,0
746,yes,0,1,1,0,1,1,0,1,0
747,yes,0,1,1,0,1,1,0,1,0
748,yes,0,1,1,0,1,1,0,1,0
749,yes,1,1,1,0,0,1,1,1,0
750,yes,0,1,1,0,1,0,0,0,0
751,yes,1,1,1,1,1,0,0,0,0
752,yes,0,1,1,0,1,1,0,0,0
753,yes,0,1,1,0,1,1,0,1,0
754,yes,0,1,1,0,1,1,0,0,0
755,yes,0,1,1,0,1,1,0,0,0
756,yes,1,1,1,1,1,0,1,0,0
757,yes,0,1,1,0,1,1,0,0,0
758,yes,0,1,1,0,1,1,0,0,0
759,yes,0,1,1,0,1,1,0,0,0
760,yes,0,1,1,0,1,1,0,0,0
761,yes,0,1,1,1,1,1,0,0,0
762,yes,0,1,1,0,1,1,0,0,0
763,yes,0,1,1,0,1,1,0,1,0
764,yes,0,1,1,0,1,1,0,1,0
765,yes,0,1,1,0,1,1,0,0,0
766,yes,0,1,1,0,1,1,0,0,0
767,yes,0,1,1,0,1,1,0,0,0
768,yes,1,1,1,1,1,1,0,0,0
769,yes,1,1,1,1,0,0,0,1,0
770,yes,1,1,1,1,1,1,0,1,0
771,yes,0,1,1,0,1,1,0,1,0
772,yes,1,1,1,1,0,0,0,1,0
773,yes,0,1,1,1,1,0,0,0,0
774,yes,1,1,1,1,0,0,1,1,0
775,yes,0,1,1,0,1,1,0,0,0
776,yes,0,1,1,1,1,0,0,0,0
777,yes,0,1,1,0,1,1,1,1,0
778,yes,1,1,1,1,1,0,0,0,0
779,yes,0,1,1,0,1,1,0,0,0
780,yes,1,1,1,1,1,1,0,0,0
781,yes,1,1,1,1,1,1,1,0,0
782,yes,1,1,1,1,1,1,1,0,0
783,yes,1,1,1,0,1,1,0,1,0
784,yes,1,1,1,1,1,0,0,0,0
785,yes,0,1,1,0,1,0,0,1,0
786,yes,1,1,1,1,1,1,0,0,0
787,yes,0,1,1,0,1,1,0,0,0
788,yes,1,1,1,1,1,0,1,0,0
789,yes,0,1,1,0,1,1,0,0,0
790,yes,1,1,1,1,1,0,0,0,0
791,yes,1,1,1,1,1,0,0,1,0
792,yes,1,1,1,0,1,1,0,0,0
793,yes,0,1,1,0,1,1,0,0,0
794,yes,0,1,1,0,1,1,0,0,0
795,yes,0,1,1,1,1,0,0,0,0
796,yes,1,1,1,1,1,0,0,0,0
797,yes,0,1,1,0,1,1,0,1,0
798,yes,1,1,1,1,1,0,0,1,0
799,yes,0,1,1,0,1,1,0,1,0
800,yes,0,1,1,0,1,0,0,0,0
801,yes,0,1,1,1,1,1,0,0,0
802,yes,0,1,1,0,1,1,0,0,0
803,yes,0,1,1,0,1,1,0,0,0
804,yes,0,1,1,0,1,1,1,0,0
805,yes,1,1,1,1,1,0,0,0,0
806,yes,1,1,1,1,1,1,0,0,0
807,yes,0,1,1,0,1,1,0,0,0
808,yes,0,1,1,1,1,1,0,0,0
809,yes,1,1,1,0,1,0,0,0,0
810,yes,0,1,1,0,1,1,0,0,0
811,yes,1,1,1,0,1,0,0,1,0
812,yes,0,1,1,0,1,1,0,0,0
813,yes,1,1,1,1,1,0,1,1,0
814,yes,1,1,1,1,1,0,1,0,0
815,yes,1,1,1,1,1,1,1,0,0
816,yes,0,1,1,1,1,1,0,0,0
817,yes,1,1,1,0,1,1,0,1,0
818,yes,0,1,1,1,1,1,0,0,0
819,yes,0,1,1,0,1,0,0,1,0
820,yes,1,1,1,0,0,1,1,0,0
821,yes,0,1,1,0,1,1,0,1,0
822,yes,0,1,1,0,1,1,0,1,0
823,yes,0,1,1,0,1,1,1,0,0
824,yes,1,1,1,1,1,0,0,0,0
825,yes,1,1,1,1,0,0,1,1,0
826,yes,0,1,1,0,1,1,0,0,0
827,yes,1,1,1,1,0,0,1,0,0
828,yes,1,1,1,1,1,0,1,0,0
829,yes,0,1,1,0,1,1,0,0,0
830,yes,1,1,1,1,0,0,1,0,0
831,yes,1,1,1,1,1,0,1,0,0
832,yes,1,1,1,1,1,0,1,0,0
833,yes,1,1,1,1,1,0,1,1,0
834,yes,1,1,1,1,0,0,1,0,0
835,yes,1,1,1,1,0,0,1,0,0
836,yes,1,1,1,1,1,0,1,0,0
837,yes,0,1,1,1,1,1,0,0,0
838,yes,1,1,1,1,1,1,1,0,0
839,yes,0,1,1,0,1,1,0,0,0
840,yes,1,1,1,1,1,1,0,1,0
841,yes,1,1,1,1,1,0,0,0,0
842,yes,1,1,1,1,1,0,1,0,0
843,yes,1,1,1,1,1,0,0,1,0
844,yes,1,1,1,1,1,0,0,0,0
845,yes,1,1,1,1,1,0,0,0,0
846,yes,1,1,1,1,1,0,0,0,0
847,yes,0,1,1,0,1,1,0,0,0
848,yes,0,1,1,0,1,1,0,1,0
849,yes,1,1,1,0,1,1,0,1,0
850,yes,0,1,1,0,1,1,0,0,0
851,yes,0,1,1,0,1,1,0,0,0
852,yes,0,1,1,0,1,1,0,0,0
853,yes,0,1,1,0,1,1,0,0,0
854,yes,0,1,1,0,1,1,0,0,0
855,yes,0,1,1,0,1,1,0,0,0
856,yes,0,1,1,1,1,1,0,0,0
857,yes,0,1,1,0,1,1,0,1,0
858,yes,0,1,1,0,1,1,0,0,0
859,yes,1,1,1,0,1,1,0,1,0
860,yes,0,1,1,0,1,1,0,0,0
861,yes,1,1,1,1,1,0,1,0,0
862,yes,1,1,1,0,1,1,0,1,0
863,yes,1,1,1,0,1,1,0,0,0
864,yes,0,1,1,0,1,1,0,0,0
865,yes,0,1,1,0,1,1,0,0,0
866,yes,0,1,1,0,1,1,0,1,0
867,yes,1,1,1,1,1,0,0,0,0
868,yes,0,1,1,0,1,1,0,0,0
869,yes,0,1,1,0,1,1,0,0,0
870,yes,0,1,1,0,1,1,0,0,0
871,yes,0,1,1,0,1,0,0,0,0
872,yes,1,1,1,1,1,0,0,0,0
873,yes,1,1,1,1,1,0,0,0,0
874,yes,0,1,1,1,1,0,0,0,0
875,yes,1,1,1,1,1,0,0,0,0
876,yes,1,1,1,1,1,0,0,0,0
877,yes,1,1,1,1,1,0,0,0,0
878,yes,1,1,1,0,1,1,1,0,0
879,yes,0,1,1,0,1,1,0,0,0
880,yes,1,1,1,1,1,1,1,1,0
881,yes,1,1,1,1,1,1,1,0,0
882,yes,0,1,1,0,1,1,0,1,0
883,yes,1,1,1,0,1,0,0,0,0
884,yes,1,1,1,1,0,0,0,1,0
885,yes,0,1,1,0,1,1,0,1,0
886,yes,0,1,1,0,1,1,0,1,0
887,yes,1,1,1,1,1,0,0,0,0
888,yes,1,1,1,0,1,0,0,0,0
889,yes,1,1,1,0,1,1,1,0,0
890,yes,0,1,1,0,1,1,0,1,0
891,yes,1,1,1,0,1,0,0,0,0
892,yes,1,1,1,1,1,1,1,1,0
893,yes,1,1,1,1,0,1,0,1,0
894,yes,1,1,1,0,1,0,0,0,0
895,yes,1,1,1,1,1,0,0,0,0
896,yes,1,1,1,1,1,0,0,1,0
897,yes,0,1,1,0,1,1,0,0,0
898,yes,0,1,1,1,1,0,0,0,0
899,yes,0,1,1,0,1,1,0,0,0
900,yes,0,1,1,0,1,1,0,0,0
901,yes,0,1,1,0,1,1,0,0,0
902,yes,1,1,1,1,1,0,1,0,0
903,yes,1,1,1,1,1,0,0,0,0
904,yes,1,1,1,0,1,1,1,0,0
905,yes,0,1,1,0,1,1,0,0,0
906,yes,1,1,1,1,1,1,0,0,0
907,yes,0,1,1,0,1,1,0,0,0
908,yes,0,1,1,0,1,1,0,0,0
909,yes,1,1,1,1,1,1,1,1,0
910,yes,0,1,1,0,1,1,0,0,0
911,yes,0,1,1,0,1,1,0,0,0
912,yes,0,1,1,0,1,1,0,0,0
913,yes,1,1,1,1,1,1,1,0,0
914,yes,0,1,1,1,1,1,0,0,0
915,yes,1,1,1,0,0,1,0,1,0
916,yes,0,1,1,0,1,1,0,1,0
917,yes,0,1,1,0,1,1,0,1,0
918,yes,1,1,1,1,1,1,1,0,0
919,yes,1,1,1,1,1,1,1,0,0
920,yes,0,1,1,0,1,1,0,1,0
921,yes,1,1,1,1,1,0,1,1,0
922,yes,0,1,1,1,1,0,1,0,0
923,yes,0,1,1,0,1,1,0,0,0
924,yes,1,1,1,0,1,0,0,0,0
925,yes,1,1,1,0,0,1,1,1,0
926,yes,1,0,1,1,1,1,0,0,0
927,yes,0,1,1,0,1,1,0,0,0
928,yes,0,1,1,0,1,1,0,1,0
929,yes,1,1,1,1,1,0,0,1,0
930,yes,1,1,1,0,1,0,0,1,0
931,yes,1,1,1,1,1,0,1,1,0
932,yes,1,1,1,0,1,0,0,0,0
933,yes,0,1,1,0,1,1,0,0,0
934,yes,0,1,1,0,1,1,0,0,0
935,yes,1,1,1,0,1,1,0,1,0
936,yes,1,1,1,1,1,1,1,0,0
937,yes,1,1,1,1,1,1,1,0,0
938,yes,0,1,1,0,1,1,0,1,0
939,yes,0,1,1,0,1,1,0,0,0
940,yes,0,1,1,0,1,1,0,1,0
941,yes,1,1,1,0,1,0,0,1,0
942,yes,0,1,1,1,1,1,0,0,0
943,yes,1,1,1,1,1,0,0,0,0
944,yes,1,1,1,1,1,0,0,0,0
945,yes,0,1,1,1,1,0,0,1,0
946,yes,1,1,1,1,1,1,0,0,0
947,yes,1,1,1,0,0,0,0,0,0
948,yes,0,1,1,0,1,1,0,0,0
949,yes,1,1,1,0,1,0,0,0,0
950,yes,0,1,1,0,1,1,0,0,0
951,yes,1,1,1,1,1,1,0,0,0
952,yes,1,1,1,0,1,0,0,1,0
953,yes,0,1,1,0,1,1,0,0,0
954,yes,1,1,1,0,1,0,0,0,0
955,yes,0,1,1,1,1,0,0,0,0
956,yes,1,1,1,0,1,0,1,0,0
957,yes,1,1,1,0,1,0,0,0,0
958,yes,1,1,1,0,1,0,0,0,0
959,yes,1,1,1,0,1,0,0,0,0
960,yes,1,1,1,1,0,0,0,0,0
961,yes,1,1,1,1,1,1,1,0,0
962,yes,0,1,1,1,1,1,0,0,0
963,yes,1,1,1,1,1,1,1,0,0
964,yes,0,1,1,0,1,1,0,1,0
965,yes,1,1,1,0,1,0,0,1,0
966,yes,0,1,1,0,1,1,0,0,0
967,yes,1,1,1,1,1,0,0,0,0
968,yes,1,1,1,0,1,0,1,1,0
969,yes,1,1,1,1,1,0,0,0,0
970,yes,1,1,1,0,1,1,0,1,0
971,yes,1,1,1,0,1,1,0,1,0
972,yes,1,1,1,0,1,0,0,1,0
973,yes,1,1,1,1,1,0,1,0,0
974,yes,1,1,1,0,1,0,1,0,0
975,yes,0,1,1,0,1,0,0,0,0
976,yes,0,1,1,1,1,1,0,1,0
977,yes,0,1,1,1,1,1,0,1,0
978,yes,1,1,1,1,1,1,0,0,0
979,yes,1,1,1,0,1,1,0,0,0
980,yes,1,1,1,0,1,0,0,1,0
981,yes,1,1,1,1,1,0,0,0,0
982,yes,1,1,1,1,1,0,0,0,0
983,yes,1,1,1,1,1,0,0,0,0
984,yes,1,1,1,1,1,0,0,0,0
985,yes,0,1,1,0,1,1,0,0,0
986,yes,1,1,1,1,1,1,0,0,0
987,yes,0,1,1,0,1,1,0,1,0
988,yes,0,1,1,1,1,1,0,0,0
989,yes,0,1,1,0,1,1,0,1,0
990,yes,0,1,1,0,1,1,0,1,0
991,yes,1,1,1,1,1,1,1,0,0
992,yes,1,1,1,1,1,1,0,0,0
993,yes,1,1,1,1,1,1,1,1,0
994,yes,1,1,1,1,1,1,0,0,0
995,yes,1,1,1,1,1,1,0,0,0
996,yes,1,1,1,1,1,1,0,0,0
997,yes,1,1,1,0,1,0,0,0,0
998,yes,1,1,1,0,1,1,0,0,0
999,yes,1,1,1,1,1,0,0,1,0
1000,yes,0,1,1,1,1,1,0,0,0
1001,yes,1,1,1,1,1,1,1,0,0
1002,yes,0,1,1,0,1,1,0,1,0
1003,yes,1,1,1,0,1,0,0,1,0
1004,yes,0,1,1,0,1,1,0,0,0
1005,yes,1,1,1,0,1,0,0,0,0
1006,yes,0,1,1,0,1,1,1,0,0
1007,yes,0,1,1,1,1,1,0,0,0
1008,yes,1,1,1,0,1,0,0,1,0
1009,yes,1,1,1,0,1,0,0,1,0
1010,yes,1,1,1,1,1,0,0,1,0
1011,yes,0,1,1,0,1,1,0,0,0
1012,yes,1,1,1,1,1,1,1,1,0
1013,yes,1,1,1,0,1,1,0,0,0
1014,yes,0,1,1,1,1,1,0,0,0
1015,yes,1,1,1,1,1,1,0,0,0
1016,yes,1,1,1,0,1,1,0,0,0
1017,yes,0,1,1,0,1,1,1,0,0
1018,yes,0,1,1,0,1,1,0,0,0
1019,yes,0,1,1,0,1,1,0,0,0
1020,yes,1,1,1,1,1,0,0,0,0
1021,yes,1,1,1,1,1,0,1,0,0
1022,yes,1,1,1,1,1,0,1,0,0
1023,yes,1,1,1,0,1,1,1,0,0
1024,yes,0,1,1,1,1,1,0,0,0
1025,yes,0,1,1,0,1,1,1,1,0
1026,yes,0,1,1,1,1,1,0,0,0
1027,yes,0,1,1,0,1,1,0,0,0
1028,yes,1,1,1,1,1,0,1,0,0
1029,yes,0,1,1,0,1,1,1,0,0
1030,yes,1,1,1,0,1,1,1,0,0
1031,yes,0,1,1,0,1,1,0,1,0
1032,yes,0,1,1,1,1,1,0,0,0
1033,yes,1,1,1,1,0,1,1,1,0
1034,yes,1,1,1,1,1,1,1,0,0
1035,yes,1,1,1,0,1,0,0,0,0
1036,yes,0,1,1,1,1,1,1,0,0
1037,yes,1,1,1,0,1,1,1,0,0
1038,yes,1,1,1,1,1,0,0,1,0
1039,yes,0,1,1,0,1,1,0,0,0
1040,yes,1,1,1,0,1,0,0,0,0
1041,yes,0,1,1,0,1,1,0,0,0
1042,yes,0,1,1,0,1,1,0,0,0
1043,yes,1,1,1,0,1,0,0,0,0
1044,yes,0,1,1,0,1,1,0,0,0
1045,yes,1,1,1,0,1,0,0,1,0
1046,yes,1,1,1,1,1,0,0,1,0
1047,yes,1,1,1,1,1,1,0,1,0
1048,yes,0,1,1,0,1,1,0,0,0
1049,yes,1,1,1,0,1,1,0,0,0
1050,yes,1,1,1,0,0,1,0,0,0
1051,yes,1,1,1,0,1,0,0,0,0
1052,yes,1,1,1,1,1,1,0,0,0
1053,yes,1,1,1,1,1,1,0,0,0
1054,yes,1,1,1,0,1,1,1,0,0
1055,yes,0,1,1,1,1,1,0,0,0
1056,yes,1,1,1,1,1,0,1,0,0
1057,yes,0,1,1,0,1,0,0,1,0
1058,yes,1,1,1,0,1,1,0,0,0
1059,yes,0,1,1,0,1,1,0,0,0
1060,yes,0,1,1,1,1,1,0,1,0
1061,yes,0,0,1,0,1,1,0,1,0
1062,yes,1,1,1,0,0,0,0,1,0
1063,yes,0,1,1,0,1,1,0,1,0
1064,yes,0,1,1,0,1,1,1,1,0
1065,yes,1,1,1,1,1,1,0,0,0
1066,yes,0,1,1,0,1,1,0,1,0
1067,yes,0,1,1,0,1,1,0,1,0
1068,yes,1,1,1,0,1,0,0,1,0
1069,yes,0,1,1,0,1,1,0,0,0
1070,yes,1,1,1,0,1,0,0,0,0
1071,yes,1,1,1,0,1,0,0,1,0
1072,yes,0,1,1,0,1,1,0,1,0
1073,yes,0,1,1,0,1,1,0,1,0
1074,yes,0,1,1,0,1,1,0,1,0
1075,yes,0,1,1,0,1,1,0,0,0
1076,yes,0,1,1,0,1,1,0,0,0
1077,yes,1,1,1,0,0,0,0,0,0
1078,yes,0,1,1,1,1,1,0,0,0
1079,yes,0,1,1,0,1,1,0,0,0
1080,yes,0,1,1,0,1,1,0,0,0
1081,yes,0,1,1,0,1,1,0,0,0
1082,yes,1,1,1,1,1,0,0,0,0
1083,yes,0,1,1,1,1,1,0,0,0
1084,yes,1,1,1,1,1,1,1,1,0
1085,yes,1,1,1,1,1,1,1,1,0
1086,yes,1,1,1,1,1,0,0,0,0
1087,yes,0,1,1,1,1,1,1,0,0
1088,yes,0,1,1,1,1,1,0,0,0
1089,yes,0,1,1,0,1,1,0,0,0
1090,yes,1,1,1,1,1,1,1,0,0
1091,yes,1,1,1,0,1,1,0,0,0
1092,yes,1,1,1,1,1,1,0,0,0
1093,yes,1,1,1,1,1,1,1,0,0
1094,yes,0,1,1,0,1,1,0,0,0
1095,yes,0,1,1,0,1,1,0,1,0
1096,yes,0,1,1,0,1,1,0,0,0
1097,yes,1,1,1,1,0,0,1,1,0
1098,yes,0,1,1,1,1,1,0,0,0
1099,yes,1,1,1,1,1,0,0,0,0
1100,yes,0,1,1,0,1,1,0,0,0
1101,yes,1,1,1,1,1,1,0,0,0
1102,yes,0,1,1,1,1,1,0,0,0
1103,yes,0,1,1,0,1,1,0,1,0
1104,yes,1,1,1,1,1,1,1,0,0
1105,yes,1,1,1,1,1,1,1,0,0
1106,yes,1,1,1,1,1,0,1,1,0
1107,yes,0,1,1,0,1,1,0,0,0
1108,yes,1,1,1,1,1,0,1,1,0
1109,yes,1,1,1,1,1,0,1,0,0
1110,yes,1,1,1,1,1,1,1,0,0
1111,yes,0,1,1,0,1,1,0,0,0
1112,yes,0,1,1,0,1,0,0,1,0
1113,yes,1,1,1,1,1,0,1,0,0
1114,yes,1,1,1,1,1,0,1,0,0
1115,yes,1,1,1,0,0,0,1,0,0
1116,yes,1,1,1,1,0,1,1,1,0
1117,yes,1,1,1,1,1,0,0,1,0
1118,yes,0,1,1,1,1,0,0,1,0
1119,yes,1,1,1,1,1,0,0,0,0
1120,yes,1,1,1,0,1,0,1,0,0
1121,yes,0,1,1,0,1,0,0,0,0
1122,yes,1,1,1,1,1,1,0,0,0
1123,yes,1,1,1,0,1,0,1,0,0
1124,yes,0,1,1,1,1,1,0,0,0
1125,yes,0,1,1,1,1,1,0,0,0
1126,yes,0,1,1,0,1,1,0,0,0
1127,yes,1,1,1,1,1,0,0,1,0
1128,yes,1,1,1,1,1,0,0,0,0
1129,yes,1,1,1,0,1,0,1,0,0
1130,yes,1,1,1,1,1,0,0,0,0
1131,yes,0,1,1,1,1,1,0,0,0
1132,yes,0,1,1,0,1,0,0,0,0
1133,yes,1,1,1,0,1,0,0,0,0
1134,yes,0,1,1,1,1,0,0,0,0
1135,yes,1,1,1,0,1,0,0,0,0
1136,yes,0,1,1,0,1,0,0,0,0
1137,yes,0,1,1,0,1,1,0,0,0
1138,yes,0,1,1,0,1,1,0,0,0
1139,yes,1,1,1,1,1,1,0,0,0
1140,yes,1,1,1,1,1,0,0,0,0
1141,yes,1,1,1,1,1,1,1,0,0
1142,yes,0,1,1,1,1,1,0,0,0
1143,yes,0,1,1,0,1,1,0,0,0
1144,yes,1,1,1,1,1,0,0,0,0
1145,yes,0,1,1,0,1,1,0,1,0
1146,yes,1,1,1,1,1,1,1,0,0
1147,yes,1,1,1,1,0,1,0,0,0
1148,yes,1,1,1,1,1,1,0,0,0
1149,yes,1,1,1,0,1,0,0,0,0
1150,yes,1,1,1,0,1,0,0,0,0
1151,yes,1,1,1,1,1,1,0,0,0
1152,yes,0,1,1,0,1,0,1,0,0
1153,yes,1,1,1,0,1,1,0,0,0
1154,yes,1,1,1,0,1,1,0,0,0
1155,yes,0,1,1,0,1,1,0,0,0
1156,yes,0,1,1,0,1,1,1,0,0
1157,yes,0,1,1,0,1,1,0,0,0
1158,yes,1,1,1,1,1,0,0,1,0
1159,yes,0,1,1,0,1,1,0,0,0
1160,yes,1,1,1,0,1,1,1,0,0
1161,yes,1,1,1,0,0,1,1,0,0
1162,yes,1,1,1,0,1,0,1,0,0
1163,yes,1,1,1,0,1,0,1,0,0
1164,yes,0,1,1,0,1,0,0,0,0
1165,yes,1,1,1,0,1,1,1,0,0
1166,yes,0,1,1,0,1,1,0,0,0
1167,yes,1,1,1,0,1,1,1,0,0
1168,yes,1,1,1,1,1,1,0,0,0
1169,yes,1,1,1,0,1,1,0,1,0
1170,yes,1,1,1,1,0,0,0,0,0
1171,yes,0,1,1,0,1,1,0,0,0
1172,yes,1,1,1,0,0,0,1,0,0
1173,yes,1,1,1,1,1,0,0,0,0
1174,yes,1,1,1,0,1,0,1,0,0
1175,yes,1,1,1,0,0,1,0,1,0
1176,yes,1,1,1,0,1,0,0,1,0
1177,yes,1,1,1,0,1,1,0,1,0
1178,yes,1,1,1,0,1,1,1,0,0
1179,yes,1,1,1,0,1,1,1,0,0
1180,yes,1,1,1,0,1,1,1,0,0
1181,yes,1,1,1,0,1,1,0,0,0
1182,yes,1,1,1,0,1,1,0,0,0
1183,yes,1,1,1,0,1,0,0,0,0
1184,yes,1,1,1,0,0,0,1,0,0
1185,yes,1,1,1,0,1,1,0,0,0
1186,yes,1,1,1,1,1,0,0,0,0
1187,yes,0,1,1,0,1,1,0,0,0
1188,yes,1,1,1,1,1,0,1,0,0
1189,yes,1,1,1,0,0,0,1,1,0
1190,yes,1,1,1,0,1,0,0,0,0
1191,yes,1,1,1,1,1,1,0,0,0
1192,yes,1,1,1,0,1,1,0,0,0
1193,yes,1,1,1,0,1,1,1,0,0
1194,yes,0,1,1,0,1,0,1,0,0
1195,yes,0,1,1,0,1,1,0,1,0
1196,yes,0,1,1,0,1,0,0,0,0
1197,yes,1,1,1,1,1,1,1,0,0
1198,yes,1,1,1,1,1,1,1,0,0
1199,yes,0,1,1,0,1,1,0,0,0
1200,yes,1,1,1,0,1,0,1,1,0
1201,yes,0,1,1,0,1,1,0,0,0
1202,yes,0,1,1,0,1,1,0,1,0
1203,yes,0,1,1,1,1,1,0,1,0
1204,yes,0,1,1,0,1,1,0,1,0
1205,yes,1,1,1,1,1,0,0,0,0
1206,yes,0,0,1,0,1,1,0,1,0
1207,yes,1,1,1,1,1,1,1,0,0
1208,yes,0,1,1,0,1,1,0,1,0
1209,yes,0,1,1,0,1,0,0,0,0
1210,yes,1,1,1,0,1,1,0,0,0
1211,yes,0,1,1,0,1,1,0,0,0
1212,yes,0,1,1,0,1,1,0,0,0
1213,yes,1,1,1,0,1,1,0,1,0
1214,yes,1,1,1,0,1,1,0,0,0
1215,yes,1,1,1,1,1,0,1,0,0
1216,yes,1,1,1,0,1,0,0,1,0
1217,yes,0,1,1,0,1,1,0,1,0
1218,yes,0,1,1,0,1,1,0,0,0
1219,yes,1,1,1,1,1,1,1,0,0
1220,yes,0,1,1,0,1,1,0,1,0
1221,yes,0,1,1,0,1,1,0,0,0
1222,yes,1,1,1,1,0,0,1,0,0
1223,yes,0,1,1,1,1,1,0,0,0
1224,yes,1,1,1,0,1,0,1,1,0
1225,yes,1,1,1,1,1,0,0,0,0
1226,yes,1,1,1,1,1,0,0,0,0
1227,yes,1,1,1,1,1,1,0,0,0
1228,yes,1,1,1,1,1,1,0,0,0
1229,yes,0,1,1,0,1,1,0,0,0
1230,yes,1,1,1,0,1,0,0,0,0
1231,yes,1,1,1,1,1,1,0,1,0
1232,yes,1,1,1,1,1,1,0,1,0
1233,yes,1,1,1,1,1,1,0,1,0
1234,yes,1,1,1,0,1,0,0,1,0
1235,yes,0,1,1,0,1,1,0,1,0
1236,yes,1,1,1,0,1,0,1,1,0
1237,yes,0,1,1,0,1,1,0,1,0
1238,yes,0,1,1,1,1,1,0,1,0
1239,yes,1,1,1,0,1,0,0,0,0
1240,yes,0,1,1,1,1,1,0,0,0
1241,yes,0,1,1,0,1,1,0,0,0
1242,yes,0,1,1,0,1,0,0,0,0
1243,yes,0,1,1,0,1,1,0,0,0
1244,yes,1,1,1,1,0,0,1,0,0
1245,yes,1,1,1,0,1,0,1,0,0
1246,yes,0,1,1,0,1,1,0,1,0
1247,yes,0,1,1,0,1,1,0,1,0
1248,yes,1,1,1,1,1,0,0,1,0
1249,yes,0,1,1,0,1,1,1,0,0
1250,yes,1,1,1,1,1,0,0,1,0
1251,yes,1,1,1,1,0,0,1,1,0
1252,yes,0,1,1,0,1,1,0,1,0
1253,yes,0,1,1,1,1,1,0,0,0
1254,yes,1,1,1,1,1,0,0,1,0
1255,yes,0,1,1,0,1,1,0,0,0
1256,yes,0,1,1,0,1,1,0,0,0
1257,yes,0,1,1,0,1,1,1,0,0
1258,yes,1,1,1,1,1,0,1,0,0
1259,yes,1,1,1,1,1,0,0,0,0
1260,yes,0,1,1,1,1,1,0,0,0
1261,yes,0,1,1,0,1,1,0,0,0
1262,yes,1,1,1,0,1,1,0,0,0
1263,yes,1,1,1,0,1,0,0,1,0
1264,yes,0,1,1,0,1,1,0,0,0
1265,yes,1,1,1,1,1,1,0,0,0
1266,yes,0,1,1,0,1,1,0,0,0
1267,yes,1,1,1,0,1,1,0,0,0
1268,yes,0,1,1,0,1,1,0,0,0
1269,yes,0,1,1,0,1,1,0,1,0
1270,yes,1,1,1,0,1,1,1,0,0
1271,yes,0,1,1,0,1,1,0,0,0
1272,yes,0,1,1,0,1,1,0,0,0
1273,yes,1,1,1,1,1,1,0,1,0
1274,yes,0,1,1,1,1,0,0,0,0
1275,yes,1,1,1,0,1,0,0,0,0
1276,yes,1,1,1,0,1,1,0,0,0
1277,yes,0,1,1,0,1,1,0,0,0
1278,yes,1,1,1,1,1,0,0,0,0
1279,yes,0,1,1,0,1,1,0,0,0
1280,yes,1,1,1,0,1,1,1,0,0
1281,yes,0,1,1,0,1,1,0,0,0
1282,yes,1,1,1,0,1,0,0,0,0
1283,yes,0,1,1,0,1,1,0,0,0
1284,yes,0,1,1,0,1,1,0,0,0
1285,yes,1,1,1,0,1,1,0,0,0
1286,yes,0,1,1,0,1,1,0,0,0
1287,yes,1,1,1,0,1,0,0,1,0
1288,yes,0,1,1,0,1,1,0,0,0
1289,yes,1,1,1,1,0,0,0,1,0
1290,yes,1,1,1,1,1,1,0,0,0
1291,yes,0,1,1,0,1,1,0,0,0
1292,yes,0,1,1,1,1,1,0,1,0
1293,yes,1,1,1,1,1,1,0,1,0
1294,yes,0,1,1,0,1,0,0,1,0
1295,yes,0,1,1,0,1,1,0,0,0
1296,yes,0,1,1,0,1,0,0,0,0
1297,yes,1,1,1,0,0,1,0,1,0
1298,yes,0,1,1,0,1,1,0,0,0
1299,yes,0,1,1,0,1,1,0,1,0
1300,yes,0,1,1,0,1,1,0,1,0
1301,yes,1,1,1,1,1,0,1,0,0
1302,yes,0,1,1,0,1,1,0,1,0
1303,yes,1,1,1,0,1,0,0,0,0
1304,yes,0,1,1,0,1,1,0,0,0
1305,yes,0,1,1,0,1,1,0,0,0
1306,yes,0,1,1,0,1,1,0,0,0
1307,yes,0,1,1,1,1,1,0,0,0
1308,yes,0,1,1,1,1,0,0,0,0
1309,yes,1,1,1,1,1,0,0,0,0
1310,yes,0,1,1,0,1,1,0,0,0
1311,yes,1,1,1,1,1,0,0,0,0
1312,yes,0,1,1,1,0,1,0,0,0
1313,yes,1,1,1,0,1,0,0,1,0
1314,yes,1,1,1,0,1,0,1,1,0
1315,yes,1,1,1,1,1,1,0,0,0
1316,yes,0,1,1,1,1,1,0,0,0
1317,yes,0,1,1,1,1,1,0,0,0
1318,yes,0,1,1,1,1,1,0,0,0
1319,yes,0,1,1,1,1,1,0,0,0
1320,yes,0,1,1,1,1,1,0,0,0
1321,yes,0,1,1,1,1,1,0,0,0
1322,yes,0,1,1,1,1,1,0,0,0
1323,yes,0,1,1,0,1,1,0,1,0
1324,yes,1,1,1,0,1,0,0,1,0
1325,yes,0,1,1,0,1,1,0,0,0
1326,yes,1,1,1,1,1,0,1,0,0
1327,yes,0,1,1,0,1,1,0,0,0
1328,yes,0,1,1,0,1,1,0,0,0
1329,yes,0,1,1,0,1,1,0,0,0
1330,yes,1,1,1,0,1,0,0,0,0
1331,yes,1,1,1,1,1,0,0,0,0
1332,yes,1,1,1,1,1,1,0,0,0
1333,yes,1,1,1,1,1,0,0,0,0
1334,yes,1,1,1,1,1,1,0,1,0
1335,yes,1,1,1,1,1,1,0,0,0
1336,yes,0,1,1,0,1,1,0,0,0
1337,yes,0,1,1,0,1,1,0,0,0
1338,yes,1,1,1,1,1,0,0,0,0
1339,yes,1,1,1,0,1,0,0,0,0
1340,yes,1,1,1,0,1,0,0,0,0
1341,yes,0,1,1,0,1,0,0,1,0
1342,yes,1,1,1,1,1,1,0,0,0
1343,yes,1,1,1,1,0,0,1,0,0
1344,yes,0,1,1,0,1,1,0,0,0
1345,yes,1,1,1,1,1,1,0,0,0
1346,yes,0,1,1,0,1,1,0,0,0
1347,yes,1,1,1,0,1,0,0,0,0
1348,yes,0,1,1,0,1,1,0,0,0
1349,yes,0,1,1,0,1,1,0,0,0
1350,yes,1,1,1,1,0,0,1,0,0
1351,yes,0,1,1,0,1,1,0,1,0
1352,yes,1,1,1,1,1,0,0,1,0
1353,yes,0,1,1,1,1,1,0,0,0
1354,yes,1,1,1,1,0,0,1,0,0
1355,yes,0,1,1,0,1,1,0,0,0
1356,yes,1,1,1,1,1,1,1,1,0
1357,yes,1,1,1,1,0,0,0,0,0
1358,yes,0,1,1,0,1,1,0,0,0
1359,yes,1,1,1,0,1,1,0,0,0
1360,yes,1,1,1,0,1,1,0,0,0
1361,yes,1,1,1,0,1,1,0,0,0
1362,yes,0,1,1,0,1,1,0,1,0
1363,yes,1,1,1,0,1,1,0,0,0
1364,yes,0,1,1,0,1,1,0,0,0
1365,yes,1,1,1,1,1,1,1,0,0
1366,yes,1,1,1,1,1,1,1,0,0
1367,yes,1,1,1,1,1,0,0,0,0
1368,yes,1,1,1,1,1,0,0,0,0
1369,yes,1,1,1,0,1,1,0,0,0
1370,yes,0,1,1,0,1,1,0,1,0
1371,yes,1,1,1,0,1,1,1,0,0
1372,yes,1,1,1,1,1,1,1,0,0
1373,yes,1,1,1,0,1,0,0,0,0
1374,yes,0,1,1,0,1,1,0,1,0
1375,yes,0,1,1,1,1,1,0,1,0
1376,yes,0,1,1,0,1,1,0,0,0
1377,yes,0,1,1,0,1,1,0,0,0
1378,yes,1,1,1,1,1,0,0,0,0
1379,yes,1,1,1,1,1,1,1,0,0
1380,yes,0,1,1,0,1,1,0,0,0
1381,yes,1,1,1,1,1,1,0,0,0
1382,yes,1,1,1,0,1,1,1,1,0
1383,yes,0,1,1,0,1,1,0,1,0
1384,yes,0,1,1,0,1,1,1,0,0
1385,yes,0,1,1,0,1,1,0,0,0
1386,yes,1,1,1,1,1,1,0,0,0
1387,yes,1,1,1,0,1,0,0,1,0
1388,yes,1,1,1,1,1,0,0,1,0
1389,yes,0,1,1,0,1,1,0,0,0
1390,yes,1,1,1,1,1,0,1,0,0
1391,yes,1,1,1,1,1,1,1,1,0
1392,yes,1,1,1,1,1,1,1,1,0
1393,yes,1,1,1,1,1,1,0,1,0
1394,yes,0,1,1,0,1,1,0,0,0
1395,yes,0,1,1,1,1,1,0,0,0
1396,yes,0,1,1,1,1,1,0,0,0
1397,yes,1,1,1,0,1,1,0,0,0
1398,yes,0,1,1,0,1,1,0,0,0
1399,yes,0,1,1,0,1,1,0,0,0
1400,yes,1,1,1,0,1,1,0,0,0
1401,yes,0,1,1,0,1,1,0,1,0
1402,yes,0,1,1,1,1,0,0,0,0
1403,yes,0,1,1,0,1,1,0,0,0
1404,yes,0,1,1,0,1,1,0,0,0
1405,yes,0,1,1,0,1,1,0,0,0
1406,yes,0,1,1,0,1,1,0,1,0
1407,yes,0,1,1,0,1,0,1,1,0
1408,yes,1,1,1,1,1,1,0,0,0
1409,yes,0,1,1,0,1,1,0,0,0
1410,yes,1,1,1,1,1,0,0,0,0
1411,yes,1,1,1,0,1,0,0,1,0
1412,yes,0,1,1,0,1,1,0,0,0
1413,yes,0,1,1,0,1,1,0,0,0
1414,yes,1,1,1,0,1,0,0,0,0
1415,yes,0,1,1,0,1,1,0,0,0
1416,yes,1,1,1,1,1,1,0,0,0
1417,yes,1,1,1,1,1,0,0,0,0
1418,yes,1,1,1,0,1,0,0,0,0
1419,yes,1,1,1,0,1,0,0,0,0
1420,yes,0,1,1,0,1,1,0,0,0
1421,yes,1,1,1,0,1,0,0,1,0
1422,yes,0,1,1,1,1,0,0,0,0
1423,yes,1,1,1,1,1,0,0,0,0
1424,yes,0,1,1,0,1,1,0,0,0
1425,yes,1,1,1,0,0,0,0,1,0
1426,yes,1,1,1,1,1,0,0,0,0
1427,yes,1,1,1,0,1,0,0,0,0
1428,yes,0,1,1,0,1,0,0,0,0
1429,yes,0,1,1,1,1,0,0,0,0
1430,yes,0,1,1,0,1,1,0,1,0
1431,yes,0,1,1,0,1,1,0,0,0
1432,yes,0,1,1,0,1,1,1,0,0
1433,yes,1,1,1,0,1,0,1,1,0
1434,yes,1,1,1,0,1,0,1,0,0
1435,yes,0,1,1,0,1,1,0,0,0
1436,yes,1,1,1,0,1,0,0,0,0
1437,yes,0,1,1,0,1,0,0,0,0
1438,yes,0,1,1,0,1,1,0,0,0
1439,yes,0,1,1,0,1,1,0,1,0
1440,yes,1,1,1,1,1,1,0,0,0
1441,yes,1,1,1,0,1,1,0,1,0
1442,yes,1,1,1,0,1,0,0,0,0
1443,yes,0,1,1,0,1,1,0,1,0
1444,yes,1,1,1,0,1,0,0,1,0
1445,yes,1,1,1,0,1,0,0,0,0
1446,yes,0,1,1,0,1,1,0,1,0
1447,yes,0,1,1,0,1,1,0,1,0
1448,yes,0,1,1,0,1,1,0,0,0
1449,yes,1,1,1,1,0,0,1,0,0
1450,yes,1,1,1,1,1,0,1,0,0
1451,yes,1,1,1,0,1,0,0,0,0
1452,yes,0,1,1,0,1,0,0,0,0
1453,yes,1,1,1,0,1,0,0,0,0
1454,yes,0,1,1,0,1,0,0,0,0
1455,yes,0,1,1,1,1,0,0,1,0
1456,yes,1,1,1,0,1,0,1,0,0
1457,yes,0,1,1,0,1,0,0,0,0
1458,yes,0,1,1,0,1,1,0,1,0
1459,yes,1,1,1,1,0,1,0,0,0
1460,yes,1,1,1,1,1,0,0,0,0
1461,yes,1,1,1,1,1,0,0,0,0
1462,yes,1,1,1,1,1,0,1,1,0
1463,yes,1,1,1,0,1,0,0,0,0
1464,yes,0,1,1,0,1,0,0,0,0
1465,yes,1,1,1,0,1,1,0,0,0
1466,yes,1,1,1,0,1,1,0,0,0
1467,yes,0,1,1,1,1,1,0,0,0
1468,yes,1,1,1,1,1,0,0,0,0
1469,yes,0,1,1,0,1,1,0,0,0
1470,yes,0,1,1,0,1,1,1,0,0
1471,yes,0,1,1,0,1,1,0,1,0
1472,yes,1,1,1,0,1,0,0,0,0
1473,yes,1,1,1,1,0,0,1,0,0
1474,yes,1,1,1,0,1,0,0,1,0
1475,yes,0,1,1,1,1,1,0,0,0
1476,yes,0,1,1,0,1,1,0,1,0
1477,yes,1,1,1,1,1,0,0,1,0
1478,yes,1,1,1,0,1,1,0,0,0
1479,yes,1,1,1,0,1,1,1,0,0
1480,yes,0,1,1,0,1,1,0,0,0
1481,yes,0,1,1,0,1,0,0,0,0
1482,yes,0,1,1,0,1,1,0,1,0
1483,yes,0,1,1,0,1,0,0,0,0
1484,yes,1,1,1,1,1,1,0,0,0
1485,yes,0,1,1,1,1,1,0,0,0
1486,yes,0,1,1,0,1,1,0,1,0
1487,yes,0,1,1,1,1,0,0,0,0
1488,yes,1,1,1,1,1,1,0,0,0
1489,yes,1,1,1,0,1,1,0,0,0
1490,yes,0,1,1,1,1,1,0,0,0
1491,yes,1,1,1,0,1,1,0,0,0
1492,yes,0,1,1,0,1,1,0,0,0
1493,yes,0,1,1,0,1,1,0,0,0
1494,yes,0,1,1,0,1,0,1,1,0
1495,yes,1,1,1,0,1,0,0,1,0
1496,yes,0,1,1,0,1,1,0,1,0
1497,yes,1,1,1,0,1,0,0,0,0
1498,yes,0,1,1,0,1,0,0,0,0
1499,yes,0,1,1,0,1,1,0,0,0
1500,yes,0,1,1,0,1,1,0,0,0
1501,yes,0,1,1,0,1,1,0,0,0
1502,yes,1,1,1,1,1,0,0,0,0
1503,yes,1,1,1,0,0,0,1,1,0
1504,yes,1,1,1,1,1,0,0,1,0
1505,yes,0,1,1,0,1,1,1,0,0
1506,yes,0,1,1,0,1,1,0,1,0
1507,yes,1,1,1,1,1,1,0,0,0
1508,yes,1,1,1,1,0,0,1,0,0
1509,yes,1,1,1,1,1,1,1,0,0
1510,yes,1,1,1,0,1,0,0,0,0
1511,yes,0,1,1,0,1,1,1,0,0
1512,yes,0,1,1,0,1,1,0,1,0
1513,yes,0,1,1,0,1,1,0,1,0
1514,yes,0,1,1,1,1,1,0,0,0
1515,yes,0,1,1,0,1,1,0,0,0
1516,yes,1,1,1,0,1,0,1,1,0
1517,yes,1,1,1,0,1,1,0,1,0
1518,yes,0,1,1,0,1,1,0,0,0
1519,yes,0,1,1,0,1,1,0,0,0
1520,yes,1,1,1,0,1,0,0,0,0
1521,yes,0,1,1,0,1,1,1,0,0
1522,yes,1,1,1,0,1,1,0,0,0
1523,yes,1,1,1,0,1,1,0,0,0
1524,yes,1,1,1,0,1,0,0,1,0
1525,yes,1,1,1,1,1,0,0,0,0
1526,yes,1,1,1,0,1,0,0,0,0
1527,yes,0,1,1,0,1,1,0,1,0
1528,yes,1,1,1,1,1,0,0,0,0
1529,yes,0,1,1,0,1,1,0,0,0
1530,yes,0,1,1,1,1,1,0,1,0
1531,yes,0,1,1,0,1,1,0,0,0
1532,yes,0,1,1,0,1,1,0,0,0
1533,yes,1,1,1,0,1,1,0,0,0
1534,yes,1,1,1,1,0,1,1,1,0
1535,yes,1,1,1,0,1,0,0,0,0
1536,yes,0,1,1,0,1,1,0,0,0
1537,yes,0,1,1,0,1,1,0,0,0
1538,yes,1,1,1,1,1,0,0,1,0
1539,yes,0,1,1,0,1,1,0,0,0
1540,yes,1,1,1,1,0,1,0,1,0
1541,yes,1,1,1,1,1,0,1,0,0
1542,yes,0,1,1,0,1,1,1,0,0
1543,yes,1,1,1,0,1,1,0,0,0
1544,yes,1,1,1,1,1,0,1,1,0
1545,yes,0,1,1,0,1,1,1,1,0
1546,yes,1,1,1,0,1,0,1,1,0
1547,yes,0,1,1,0,1,1,0,1,0
1548,yes,0,1,1,1,1,1,0,1,0
1549,yes,1,1,1,0,1,0,0,1,0
1550,yes,0,1,1,0,1,1,0,1,0
1551,yes,0,1,1,0,1,1,0,1,0
1552,yes,1,1,1,0,1,0,0,1,0
1553,yes,0,1,1,0,1,1,0,1,0
1554,yes,1,1,1,0,0,0,1,1,0
1555,yes,1,1,1,0,0,0,1,1,0
1556,yes,1,1,1,0,1,0,0,0,0
1557,yes,0,1,1,0,1,1,0,0,0
1558,yes,1,1,1,0,0,0,1,1,0
1559,yes,0,1,1,0,1,1,0,0,0
1560,yes,0,1,1,1,1,1,0,0,0
1561,yes,0,1,1,0,1,1,0,1,0
1562,yes,1,1,1,1,1,0,0,1,0
1563,yes,1,1,1,0,1,1,0,0,0
1564,yes,0,1,1,0,1,1,0,1,0
1565,yes,1,1,1,1,1,1,1,0,0
1566,yes,0,1,1,0,1,1,0,0,0
1567,yes,0,1,1,1,1,1,0,1,0
1568,yes,1,1,1,1,1,0,0,0,0
1569,yes,1,1,1,1,1,0,0,1,0
1570,yes,0,1,1,0,1,1,0,0,0
1571,yes,1,1,1,0,1,1,0,0,0
1572,yes,0,1,1,1,1,1,0,0,0
1573,yes,1,1,1,1,0,1,0,0,0
1574,yes,1,1,1,0,1,0,1,1,0
1575,yes,1,1,1,1,1,0,1,0,0
1576,yes,1,1,1,0,1,1,0,0,0
1577,yes,0,1,1,0,1,0,0,1,0
1578,yes,1,1,1,0,1,1,1,0,0
1579,yes,1,1,1,0,1,0,1,0,0
1580,yes,0,1,1,0,1,1,0,0,0
1581,yes,1,1,1,1,1,0,1,0,0
1582,yes,1,1,1,1,1,0,1,0,0
1583,yes,0,1,1,0,1,1,0,0,0
1584,yes,1,1,1,1,1,0,1,0,0
1585,yes,1,1,1,1,1,0,0,0,0
1586,yes,0,1,1,1,1,1,0,0,0
1587,yes,1,1,1,0,1,0,0,0,0
1588,yes,1,1,1,1,1,1,0,0,0
1589,yes,0,1,1,1,1,0,0,0,0
1590,yes,1,1,1,1,1,1,0,0,0
1591,yes,0,1,1,0,1,1,0,0,0
1592,yes,1,1,1,1,1,1,0,1,0
1593,yes,1,1,1,1,1,1,0,1,0
1594,yes,1,1,1,1,1,0,0,0,0
1595,yes,1,1,1,1,1,0,0,0,0
1596,yes,0,1,1,0,1,1,1,0,0
1597,yes,1,1,1,1,1,0,1,1,0
1598,yes,1,1,1,1,1,0,1,0,0
1599,yes,0,1,1,0,1,1,0,0,0
1600,yes,1,1,1,1,0,1,1,0,0
1601,yes,0,1,1,0,1,1,0,0,0
1602,yes,0,1,1,0,1,0,0,0,0
1603,yes,1,1,1,1,1,0,1,0,0
1604,yes,0,1,1,0,1,1,0,0,0
1605,yes,1,1,1,1,1,1,0,0,0
1606,yes,1,1,1,1,1,1,1,1,0
1607,yes,1,1,1,1,1,1,0,0,0
1608,yes,0,1,1,0,1,1,0,0,0
1609,yes,0,1,1,0,1,1,0,0,0
1610,yes,0,1,1,1,1,1,0,0,0
1611,yes,1,1,1,1,1,0,0,0,0
1612,yes,0,1,1,0,1,1,0,1,0
1613,yes,1,1,1,0,1,0,0,1,0
1614,yes,0,1,1,0,1,1,0,1,0
1615,yes,0,1,1,0,1,1,1,0,0
1616,yes,1,1,1,0,1,0,1,0,0
1617,yes,1,1,1,0,1,0,1,1,0
1618,yes,0,1,1,0,1,1,0,1,0
1619,yes,1,1,1,1,1,0,0,1,0
1620,yes,1,1,1,1,1,0,1,0,0
1621,yes,1,1,1,0,1,0,0,0,0
1622,yes,0,1,1,0,1,1,0,1,0
1623,yes,1,1,1,0,0,0,1,1,0
1624,yes,1,1,1,0,1,1,0,0,0
1625,yes,1,1,1,0,1,1,0,0,0
1626,yes,0,1,1,0,1,1,0,1,0
1627,yes,1,1,1,0,1,0,0,0,0
1628,yes,1,1,1,1,1,0,0,1,0
1629,yes,1,1,1,1,1,0,0,1,0
1630,yes,1,1,1,1,1,0,0,0,0
1631,yes,1,1,1,1,1,0,0,1,0
1632,yes,1,1,1,0,1,0,0,0,0
1633,yes,1,1,1,0,0,0,0,1,0
1634,yes,1,1,1,1,0,0,1,1,0
1635,yes,1,1,1,1,1,0,0,0,0
1636,yes,1,1,1,0,1,1,0,1,0
1637,yes,1,1,1,1,0,1,0,0,0
1638,yes,0,1,1,0,1,0,0,0,0
1639,yes,0,1,1,1,1,1,0,0,0
1640,yes,1,1,1,1,1,1,1,0,0
1641,yes,1,1,1,1,1,0,1,0,0
1642,yes,1,1,1,1,1,0,1,0,0
1643,yes,0,1,1,0,1,1,0,0,0
1644,yes,1,1,1,1,1,0,0,0,0
1645,yes,0,1,1,0,1,1,0,0,0
1646,yes,1,1,1,1,0,0,0,1,0
1647,yes,1,1,1,1,1,0,0,1,0
1648,yes,1,1,1,1,1,1,0,1,0
1649,yes,1,1,1,1,1,0,0,1,0
1650,yes,1,1,1,1,1,0,0,1,0
1651,yes,0,1,1,1,1,0,0,0,0
1652,yes,1,1,1,1,1,0,0,0,0
1653,yes,1,1,1,1,0,1,1,1,0
1654,yes,1,1,1,1,1,0,0,0,0
1655,yes,0,1,1,0,1,1,0,0,0
1656,yes,1,1,1,0,1,0,1,1,0
1657,yes,1,1,1,1,1,1,0,1,0
1658,yes,1,1,1,1,1,0,0,0,0
1659,yes,0,1,1,0,1,1,0,1,0
1660,yes,1,1,1,0,1,0,1,1,0
1661,yes,1,1,1,1,1,0,0,1,0
1662,yes,1,1,1,0,1,0,1,1,0
1663,yes,1,1,1,1,0,1,1,1,0
1664,yes,0,1,1,0,1,0,1,0,0
1665,yes,1,1,1,1,1,1,0,1,0
1666,yes,0,1,1,1,1,1,0,1,0
1667,yes,1,1,1,0,1,0,1,0,0
1668,yes,1,1,1,1,1,0,1,0,0
1669,yes,1,1,1,1,1,1,0,0,0
1670,yes,0,1,1,0,1,1,0,1,0
1671,yes,0,1,1,1,1,1,0,0,0
1672,yes,1,1,1,1,1,0,0,0,0
1673,yes,0,1,1,1,1,1,0,1,0
1674,yes,0,1,1,0,1,1,0,0,0
1675,yes,1,1,1,0,1,0,0,1,0
1676,yes,1,1,1,1,1,1,0,1,0
1677,yes,0,1,1,0,1,1,0,1,0
1678,yes,0,1,1,0,1,1,0,1,0
1679,yes,1,1,1,0,1,1,0,1,0
1680,yes,0,1,1,0,1,1,0,1,0
1681,yes,0,1,1,0,1,1,0,1,0
1682,yes,1,1,1,1,1,1,0,1,0
1683,yes,0,1,1,0,1,1,1,0,0
1684,yes,1,1,1,0,1,1,0,0,0
1685,yes,1,1,1,0,1,1,0,0,0
1686,yes,0,1,1,0,1,0,0,0,0
1687,yes,1,1,1,1,1,0,1,0,0
1688,yes,1,1,1,0,1,1,0,0,0
1689,yes,0,1,1,0,1,1,0,0,0
1690,yes,1,1,1,1,1,1,1,0,0
1691,yes,0,1,1,0,1,1,0,1,0
1692,yes,1,1,1,1,1,1,0,0,0
1693,yes,0,1,1,0,1,1,0,1,0
1694,yes,1,1,1,0,1,0,1,1,0
1695,yes,1,1,1,1,1,1,1,0,0
1696,yes,1,1,1,1,1,1,0,0,0
1697,yes,1,1,1,1,1,0,0,1,0
1698,yes,1,1,1,1,1,1,1,0,0
1699,yes,0,1,1,0,1,1,0,1,0
1700,yes,0,1,1,0,1,1,1,0,0
1701,yes,1,1,1,1,1,0,1,1,0
1702,yes,0,1,1,0,1,1,0,1,0
1703,yes,1,1,1,0,1,1,0,0,0
1704,yes,0,1,1,0,1,1,0,0,0
1705,yes,1,1,1,1,1,0,0,0,0
1706,yes,1,1,1,1,1,0,0,0,0
1707,yes,0,1,1,0,1,1,0,1,0
1708,yes,0,1,1,0,1,1,0,0,0
1709,yes,0,1,1,0,1,1,0,0,0
1710,yes,1,1,1,0,1,0,0,0,0
1711,yes,1,1,1,0,1,0,0,0,0
1712,yes,1,1,1,1,1,1,0,0,0
1713,yes,1,1,1,0,1,0,0,0,0
1714,yes,0,1,1,0,1,1,0,0,0
1715,yes,0,1,1,1,1,1,0,0,0
1716,yes,0,1,1,0,1,1,0,0,0
1717,yes,0,1,1,1,1,0,1,1,0
1718,yes,1,1,1,0,1,0,0,0,0
1719,yes,1,1,1,0,0,1,0,1,0
1720,yes,0,1,1,0,1,1,1,0,0
1721,yes,0,1,1,1,1,0,1,0,0
1722,yes,1,1,1,1,1,0,1,0,0
1723,yes,1,1,1,1,1,0,1,0,0
1724,yes,1,1,1,1,1,1,1,0,0
1725,yes,0,1,1,1,1,1,0,0,0
1726,yes,0,1,1,1,1,1,0,0,0
1727,yes,1,1,1,1,1,1,0,0,0
1728,yes,1,1,1,0,1,1,0,0,0
1729,yes,1,1,1,1,1,0,1,0,0
1730,yes,0,1,1,0,1,0,0,0,0
1731,yes,1,1,1,1,1,1,1,1,0
1732,yes,0,1,1,0,1,1,0,0,0
1733,yes,0,1,1,0,1,1,0,0,0
1734,yes,1,1,1,0,1,0,0,0,0
1735,yes,1,1,1,1,1,0,0,0,0
1736,yes,1,1,1,1,0,1,0,0,0
1737,yes,0,1,1,1,1,1,0,0,0
1738,yes,0,1,1,0,1,1,0,0,0
1739,yes,1,1,1,1,0,0,1,0,0
1740,yes,0,1,1,0,1,1,0,0,0
1741,yes,0,1,1,0,1,1,0,0,0
1742,yes,0,1,1,0,1,0,0,1,0
1743,yes,1,1,1,0,1,0,0,0,0
1744,yes,1,1,1,0,1,0,0,0,0
1745,yes,0,1,1,0,1,1,0,0,0
1746,yes,1,1,1,1,1,1,1,0,0
1747,yes,0,1,1,0,1,1,0,1,0
1748,yes,0,1,1,0,1,1,0,1,0
1749,yes,0,1,1,1,1,1,0,0,0
1750,yes,0,1,1,0,1,1,0,0,0
1751,yes,0,1,1,0,1,1,0,0,0
1752,yes,0,1,1,0,1,1,1,0,0
1753,yes,0,1,1,0,1,1,0,1,0
1754,yes,0,1,1,1,1,1,0,0,0
1755,yes,1,1,1,0,1,0,0,0,0
1756,yes,0,1,1,0,1,0,0,0,0
1757,yes,0,1,1,0,1,0,0,0,0
1758,yes,0,1,1,0,1,0,0,1,0
1759,yes,0,1,1,0,1,1,0,1,0
1760,yes,1,1,1,1,1,0,1,1,0
1761,yes,1,1,1,0,0,1,0,1,0
1762,yes,1,1,1,1,0,1,0,0,0
1763,yes,1,1,1,1,1,0,0,1,0
1764,yes,0,1,1,0,1,0,0,0,0
1765,yes,1,1,1,1,1,0,0,0,0
1766,yes,1,1,1,1,1,0,0,0,0
1767,yes,0,1,1,1,1,1,0,0,0
1768,yes,0,1,1,0,1,0,0,0,0
1769,yes,0,1,1,1,1,1,0,1,0
1770,yes,0,1,1,1,1,1,0,0,0
1771,yes,1,1,1,0,1,0,0,1,0
1772,yes,1,1,1,1,1,1,0,0,0
1773,yes,1,1,1,0,1,0,1,0,0
1774,yes,1,1,1,0,1,0,1,0,0
1775,yes,1,1,1,0,1,0,1,0,0
1776,yes,1,1,1,1,1,1,0,0,0
1777,yes,1,1,1,1,1,1,0,0,0
1778,yes,0,1,1,0,1,1,1,0,0
1779,yes,1,1,1,0,0,1,1,0,0
1780,yes,1,1,1,0,0,1,1,0,0
1781,yes,1,1,1,0,1,1,0,1,0
1782,yes,0,1,1,0,1,1,0,0,0
1783,yes,1,1,1,0,0,0,0,0,0
1784,yes,1,1,1,0,1,1,1,0,0
1785,yes,1,1,1,0,1,0,1,1,0
1786,yes,1,1,1,0,1,0,1,0,0
1787,yes,1,1,1,1,0,0,0,1,0
1788,yes,0,1,1,0,1,1,0,0,0
1789,yes,1,1,1,1,1,0,0,0,0
1790,yes,1,1,1,0,1,1,1,0,0
1791,yes,0,1,1,0,1,1,0,0,0
1792,yes,1,1,1,1,1,0,1,0,0
1793,yes,1,1,1,1,1,0,1,0,0
1794,yes,1,1,1,0,1,1,1,0,0
1795,yes,0,1,1,0,1,1,0,0,0
1796,yes,0,1,1,0,1,1,0,1,0
1797,yes,1,1,1,1,1,0,0,0,0
1798,yes,1,1,1,1,1,0,0,0,0
1799,yes,1,1,1,0,1,0,0,0,0
1800,no,0,1,1,1,1,1,0,1,0
1801,no,0,1,1,0,1,1,0,1,0
1802,no,0,1,1,0,1,1,0,1,0
1803,no,0,1,1,0,1,1,0,1,0
1804,no,0,1,1,0,1,1,0,1,0
1805,no,0,1,1,0,1,1,0,1,0
1806,no,0,1,1,0,1,1,0,1,0
1807,no,0,1,1,0,1,1,0,1,0
1808,no,0,1,1,0,1,1,0,1,0
1809,no,0,1,1,0,1,1,0,1,0
1810,no,0,1,1,0,1,1,0,1,0
1811,no,0,1,1,0,1,1,0,1,0
1812,no,0,1,1,0,1,1,0,1,0
1813,no,0,1,1,0,1,1,0,1,0
1814,no,0,1,1,0,1,1,0,1,0
1815,no,0,1,1,0,1,1,0,1,0
1816,no,0,1,1,0,1,1,0,1,0
1817,no,0,1,1,0,1,1,0,1,0
1818,no,0,1,1,0,1,1,0,1,0
1819,no,0,1,1,0,1,1,0,1,0
1820,no,0,1,1,0,1,1,0,1,0
1821,no,0,1,1,0,1,1,0,1,0
1822,no,0,1,1,0,1,1,0,1,0
1823,no,0,1,1,0,1,1,0,1,0
1824,no,0,1,1,0,1,1,0,1,0
1825,no,0,1,1,0,1,1,0,1,0
1826,no,0,1,1,0,1,1,0,1,0
1827,no,0,1,1,0,1,1,0,1,0
1828,no,0,1,1,0,1,1,0,1,0
1829,no,0,1,1,0,1,1,0,1,0
1830,no,0,1,1,0,1,1,0,1,0
1831,no,0,1,1,0,1,1,0,1,0
1832,no,0,1,1,0,1,1,0,1,0
1833,no,0,1,1,0,1,1,0,1,0
1834,no,0,1,1,0,1,1,0,1,0
1835,no,0,1,1,0,1,1,0,1,0
1836,no,0,1,1,0,1,1,0,1,0
1837,no,0,1,1,0,1,1,0,1,0
1838,no,0,1,1,0,1,1,0,1,0
1839,no,0,1,1,0,1,1,0,1,0
1840,no,0,1,1,0,1,1,0,1,0
1841,no,0,1,1,0,1,1,0,1,0
1842,no,0,1,1,0,1,1,0,1,0
1843,no,0,1,1,0,1,1,0,1,0
1844,no,0,1,1,0,1,1,0,1,0
1845,no,0,1,1,0,1,1,0,1,0
1846,no,0,1,1,0,1,1,0,1,0
1847,no,0,1,1,0,1,1,0,1,0
1848,no,0,1,1,0,1,1,0,1,0
1849,no,0,1,1,0,1,1,0,1,0
1850,no,0,1,1,0,1,1,0,1,0
1851,no,0,1,1,0,1,1,0,1,0
1852,no,0,1,1,0,1,1,0,1,0
1853,no,0,1,1,0,1,1,0,1,0
1854,no,0,1,1,0,1,1,0,1,0
1855,no,0,1,1,0,1,1,0,1,0
1856,no,0,1,1,0,1,1,0,1,0
1857,no,0,1,1,0,1,1,0,1,0
1858,no,0,1,1,0,1,1,0,1,0
1859,no,0,1,1,0,1,1,0,1,0
1860,no,0,1,1,0,1,1,0,1,0
1861,no,0,1,1,0,1,1,0,1,0
1862,no,0,1,1,0,1,1,0,1,0
1863,no,0,1,1,0,1,1,0,1,0
1864,no,0,1,1,0,1,1,0,1,0
1865,no,0,1,1,0,1,1,0,1,0
1866,no,0,1,1,0,1,1,0,1,0
1867,no,0,1,1,0,1,1,0,1,0
1868,no,0,1,1,0,1,1,0,1,0
1869,no,0,1,1,0,1,1,0,1,0
1870,no,0,1,1,0,1,1,0,1,0
1871,no,0,1,1,0,1,1,0,1,0
1872,no,0,1,1,0,1,1,0,1,0
1873,no,0,1,1,0,1,1,0,1,0
1874,no,0,1,1,0,1,1,0,1,0
1875,no,0,1,1,0,1,1,0,1,0
1876,no,0,1,1,0,1,1,0,1,0
1877,no,0,1,1,0,1,1,0,1,0
1878,no,0,1,1,0,1,1,0,1,0
1879,no,0,1,1,0,1,1,0,1,0
1880,no,0,1,1,0,1,1,0,1,0
1881,no,0,1,1,0,1,1,0,1,0
1882,no,0,1,1,0,1,1,0,1,0
1883,no,0,1,1,0,1,1,0,1,0
1884,no,0,1,1,0,1,1,0,1,0
1885,no,0,1,1,0,1,1,0,1,0
1886,no,0,1,1,0,1,1,0,1,0
1887,no,0,1,1,0,1,1,0,1,0
1888,no,0,1,1,0,1,1,0,1,0
1889,no,0,1,1,0,1,1,0,1,0
1890,no,0,1,1,0,1,1,0,1,0
1891,no,0,1,1,0,1,1,0,1,0
1892,no,0,1,1,0,1,1,0,1,0
1893,no,0,1,1,0,1,1,0,1,0
1894,no,0,1,1,0,1,1,0,1,0
1895,no,0,1,1,0,1,1,0,1,0
1896,no,0,1,1,0,1,1,0,1,0
1897,no,0,1,1,0,1,1,0,1,0
1898,no,0,1,1,0,1,1,0,1,0
1899,no,0,1,1,0,1,1,0,1,0
1900,no,0,1,1,0,1,1,0,1,0
1901,no,0,1,1,0,1,1,0,1,0
1902,no,0,1,1,0,1,1,0,1,0
1903,no,0,1,1,0,1,1,0,1,0
1904,no,0,1,1,0,1,1,0,1,0
1905,no,0,1,1,0,1,1,0,1,0
1906,no,0,1,1,0,1,1,0,1,0
1907,no,0,1,1,0,1,1,0,1,0
1908,no,0,1,1,0,1,1,0,1,0
1909,no,0,1,1,0,1,1,0,1,0
1910,no,0,1,1,0,1,1,0,1,0
1911,no,0,1,1,0,1,1,0,1,0
1912,no,0,1,1,0,1,1,0,1,0
1913,no,0,1,1,0,1,1,0,1,0
1914,no,0,1,1,0,1,1,0,1,0
1915,no,0,1,1,0,1,1,0,1,0
1916,no,0,1,1,0,1,1,0,1,0
1917,no,0,1,1,0,1,1,0,1,0
1918,no,0,1,1,0,1,1,0,1,0
1919,no,0,1,1,0,1,1,0,1,0
1920,no,0,1,1,0,1,1,0,1,0
1921,no,0,1,1,0,1,1,0,1,0
1922,no,0,1,1,0,1,1,0,1,0
1923,no,0,1,1,0,1,1,0,1,0
1924,no,0,1,1,0,1,1,0,1,0
1925,no,0,1,1,0,1,1,0,1,0
1926,no,0,1,1,0,1,1,0,1,0
1927,no,0,1,1,0,1,1,0,1,0
1928,no,0,1,1,0,1,1,0,1,0
1929,no,0,1,1,0,1,1,0,1,0
1930,no,0,1,1,0,1,1,0,1,0
1931,no,0,1,1,0,1,1,0,1,0
1932,no,0,1,1,0,1,1,0,1,0
1933,no,0,1,1,0,1,1,0,1,0
1934,no,0,1,1,0,1,1,0,1,0
1935,no,0,1,1,0,1,1,0,1,0
1936,no,0,1,1,0,1,1,0,1,0
1937,no,0,1,1,0,1,1,0,1,0
1938,no,0,1,1,0,1,1,0,1,0
1939,no,0,1,1,0,1,1,0,1,0
1940,no,0,1,1,0,1,1,0,1,0
1941,no,0,1,1,0,1,1,0,1,0
1942,no,0,1,1,0,1,1,0,1,0
1943,no,0,1,1,0,1,1,0,1,0
1944,no,0,1,1,0,1,1,0,1,0
1945,no,0,1,1,0,1,1,0,1,0
1946,no,0,1,1,0,1,1,0,1,0
1947,no,0,1,1,0,1,1,0,1,0
1948,no,0,1,1,0,1,1,0,1,0
1949,no,0,1,1,0,1,1,0,1,0
1950,no,0,1,1,0,1,1,0,1,0
1951,no,0,1,1,0,1,1,0,1,0
1952,no,0,1,1,0,1,1,0,1,0
1953,no,0,1,1,0,1,1,0,1,0
1954,no,0,1,1,0,1,1,0,1,0
1955,no,0,1,1,0,1,1,0,1,0
1956,no,0,1,1,0,1,1,0,1,0
1957,no,0,1,1,0,1,1,0,1,0
1958,no,0,1,1,0,1,1,0,1,0
1959,no,0,1,1,0,1,1,0,1,0
1960,no,0,1,1,0,1,1,0,1,0
1961,no,0,1,1,0,1,1,0,1,0
1962,no,0,1,1,0,1,1,0,1,0
1963,no,0,1,1,0,1,1,0,1,0
1964,no,0,1,1,0,1,1,0,1,0
1965,no,0,1,1,0,1,1,0,1,0
1966,no,0,1,1,0,1,1,0,1,0
1967,no,0,1,1,0,1,1,0,1,0
1968,no,0,1,1,0,1,1,0,1,0
1969,no,0,1,1,0,1,1,0,1,0
1970,no,0,1,1,0,1,1,0,1,0
1971,no,0,1,1,0,1,1,0,1,0
1972,no,0,1,1,0,1,1,0,1,0
1973,no,0,1,1,0,1,1,0,1,0
1974,no,0,1,1,0,1,1,0,1,0
1975,no,0,1,1,0,1,1,0,1,0
1976,no,0,1,1,0,1,1,0,1,0
1977,no,0,1,1,0,1,1,0,1,0
1978,no,0,1,1,0,1,1,0,1,0
1979,no,0,1,1,0,1,1,0,1,0
1980,no,0,1,1,0,1,1,0,1,0
1981,no,0,1,1,0,1,1,0,1,0
1982,no,0,1,1,0,1,1,0,1,0
1983,no,0,1,1,0,1,1,0,1,0
1984,no,0,1,1,0,1,1,0,1,0
1985,no,0,1,1,0,1,1,0,1,0
1986,no,0,1,1,0,1,1,0,1,0
1987,no,0,1,1,0,1,1,0,1,0
1988,no,0,1,1,0,1,1,0,1,0
1989,no,0,1,1,0,1,1,0,1,0
1990,no,0,1,1,0,1,1,0,1,0
1991,no,0,1,1,0,1,1,0,1,0
1992,no,0,1,1,0,1,1,0,1,0
1993,no,0,1,1,0,1,1,0,1,0
1994,no,0,1,1,0,1,1,0,1,0
1995,no,0,1,1,0,1,1,0,1,0
1996,no,0,1,1,0,1,1,0,1,0
1997,no,0,1,1,0,1,1,0,1,0
1998,no,0,1,1,0,1,1,0,1,0
1999,no,0,1,1,0,1,1,0,1,0
2000,no,1,1,1,1,1,1,0,1,0
2001,no,0,1,1,0,1,1,0,1,0
2002,no,0,1,1,1,1,1,0,0,0
2003,no,1,1,1,1,1,1,0,1,0
2004,no,1,1,1,0,1,0,0,1,0
2005,no,0,1,1,0,0,1,0,1,0
2006,no,0,1,1,0,1,1,0,1,0
2007,no,0,1,1,0,1,1,0,1,0
2008,no,1,1,1,0,0,1,0,1,0
2009,no,0,1,1,0,1,1,0,1,0
2010,no,0,1,1,0,1,1,0,1,0
2011,no,0,1,1,0,1,1,0,1,0
2012,no,0,1,1,0,1,1,0,1,0
2013,no,0,1,1,0,1,1,0,1,0
2014,no,0,1,1,0,1,1,0,1,0
2015,no,0,1,1,0,1,1,0,1,0
2016,no,1,1,1,1,1,0,0,1,0
2017,no,1,1,1,1,1,0,0,1,0
2018,no,1,1,1,1,1,0,0,1,0
2019,no,1,1,1,0,1,1,0,1,0
2020,no,0,1,1,0,1,1,0,1,0
2021,no,0,1,1,0,1,1,0,1,0
2022,no,0,1,1,0,1,1,0,1,0
2023,no,0,1,1,0,1,1,0,1,0
2024,no,0,1,1,0,1,1,0,1,0
2025,no,0,1,1,0,1,1,0,1,0
2026,no,0,1,1,0,1,1,0,1,0
2027,no,0,1,1,0,1,1,0,1,0
2028,no,0,1,1,0,1,1,0,1,0
2029,no,0,1,1,0,1,1,0,1,0
2030,no,0,1,1,0,1,1,0,1,0
2031,no,0,1,1,0,1,1,0,1,0
2032,no,0,1,1,0,1,1,0,1,0
2033,no,0,1,1,0,1,1,0,1,0
2034,no,0,1,1,0,1,1,0,1,0
2035,no,0,1,1,0,1,1,0,1,0
2036,no,0,1,1,0,1,1,0,1,0
2037,no,0,1,1,0,1,1,0,1,0
2038,no,0,1,1,1,1,1,0,1,0
2039,no,0,1,1,0,1,1,0,1,0
2040,no,0,1,1,0,1,1,0,1,0
2041,no,1,1,1,0,1,1,0,1,0
2042,no,0,1,1,0,1,1,0,1,0
2043,no,0,1,1,0,1,1,0,1,0
2044,no,0,1,1,0,1,1,0,1,0
2045,no,0,1,1,0,1,1,0,1,0
2046,no,0,1,1,0,1,1,0,1,0
2047,no,0,1,1,0,1,1,0,1,0
2048,no,0,1,1,0,1,1,0,1,0
2049,no,0,1,1,0,1,1,0,1,0
2050,no,0,1,1,0,1,1,0,1,0
2051,no,1,1,1,1,1,1,0,1,0
2052,no,1,1,1,1,1,0,0,1,0
2053,no,1,1,1,1,1,1,0,0,0
2054,no,1,1,1,1,1,1,0,0,0
2055,no,1,1,1,1,1,0,0,1,0
2056,no,0,1,1,0,1,1,0,0,0
2057,no,0,1,1,0,1,1,1,0,0
2058,no,0,1,1,0,1,1,0,0,0
2059,no,0,1,1,0,1,1,0,1,0
2060,no,0,1,1,0,1,1,0,0,0
2061,no,0,1,1,0,1,1,0,0,0
2062,no,0,1,1,0,1,1,0,0,0
2063,no,0,1,1,0,1,1,0,0,0
2064,no,0,1,1,0,1,1,0,1,0
2065,no,0,1,1,0,1,1,0,1,0
2066,no,0,1,1,0,1,1,0,1,0
2067,no,0,1,1,0,1,1,0,1,0
2068,no,1,1,1,0,1,1,1,1,0
2069,no,0,1,1,0,1,1,0,0,0
2070,no,0,1,1,0,1,1,0,1,0
2071,no,0,1,1,0,1,1,0,1,0
2072,no,0,1,1,0,1,1,0,1,0
2073,no,1,1,1,0,0,1,0,0,0
2074,no,0,1,1,0,1,1,0,0,0
2075,no,0,1,1,0,1,1,0,0,0
2076,no,1,1,1,0,1,1,1,1,0
2077,no,0,1,1,0,1,1,1,1,0
2078,no,0,1,1,1,1,1,0,1,0
2079,no,0,1,1,0,1,1,0,1,0
2080,no,0,1,1,0,1,1,0,0,0
2081,no,0,1,1,0,1,1,0,1,0
2082,no,0,1,1,0,1,1,0,1,0
2083,no,0,1,1,1,1,1,0,0,0
2084,no,0,1,1,0,1,1,0,1,0
2085,no,1,1,1,1,0,1,1,1,0
2086,no,0,1,1,0,1,1,1,1,0
2087,no,1,1,1,0,1,0,0,1,0
2088,no,0,1,1,0,1,1,0,1,0
2089,no,0,1,1,0,1,1,0,1,0
2090,no,0,1,1,0,1,1,0,1,0
2091,no,0,1,1,0,1,1,0,1,0
2092,no,0,1,1,1,1,1,0,1,0
2093,no,0,1,1,0,1,1,0,0,0
2094,no,0,1,1,0,1,1,0,1,0
2095,no,0,1,1,0,1,1,0,0,0
2096,no,0,1,1,0,1,1,0,1,0
2097,no,0,1,1,0,1,1,0,1,0
2098,no,0,1,1,0,1,1,0,0,0
2099,no,0,1,1,0,1,1,0,1,0
2100,no,1,1,1,1,1,1,0,0,0
2101,no,0,1,1,0,1,1,0,1,0
2102,no,1,1,1,0,1,1,0,1,0
2103,no,0,1,1,0,1,1,0,1,0
2104,no,1,1,1,0,1,1,0,0,0
2105,no,1,1,1,0,1,1,0,1,0
2106,no,0,1,1,0,1,0,0,0,0
2107,no,0,1,1,0,1,1,0,0,0
2108,no,1,1,1,0,1,0,1,1,0
2109,no,1,1,1,1,1,0,0,1,0
2110,no,1,1,1,1,1,0,0,0,0
2111,no,1,1,1,1,1,1,0,0,0
2112,no,1,1,1,1,1,1,0,0,0
2113,no,0,1,1,0,1,1,0,1,0
2114,no,1,1,1,1,1,0,0,0,0
2115,no,1,1,1,1,1,0,0,0,0
2116,no,0,1,1,0,1,1,0,1,0
2117,no,1,1,1,1,1,1,0,1,0
2118,no,0,1,1,0,1,1,0,0,0
2119,no,0,1,1,0,1,1,0,1,0
2120,no,0,1,1,0,1,1,0,1,0
2121,no,0,1,1,0,1,1,0,1,0
2122,no,1,1,1,1,0,0,1,1,0
2123,no,1,1,1,0,1,0,0,0,0
2124,no,0,1,1,0,1,1,0,1,0
2125,no,1,1,1,1,1,1,0,1,0
2126,no,0,1,1,1,1,1,0,1,0
2127,no,1,1,1,1,1,1,0,1,0
2128,no,0,1,1,0,1,1,0,0,0
2129,no,1,1,1,1,1,1,0,0,0
2130,no,0,1,1,1,1,1,0,1,0
2131,no,0,1,1,1,1,1,0,1,0
2132,no,0,1,1,1,1,1,0,1,0
2133,no,0,1,1,0,1,1,0,1,0
2134,no,0,1,1,1,1,1,0,0,0
2135,no,0,1,1,1,1,1,0,1,0
2136,no,1,1,1,1,1,0,0,0,0
2137,no,0,1,1,0,1,1,0,0,0
2138,no,1,1,1,1,1,0,0,1,0
2139,no,1,1,1,1,1,0,0,1,0
2140,no,0,1,1,0,1,1,0,0,0
2141,no,0,1,1,0,1,1,0,1,0
2142,no,0,1,1,1,1,1,0,1,0
2143,no,0,1,1,1,1,1,0,1,0
2144,no,0,1,1,1,1,1,0,0,0
2145,no,1,1,1,1,1,0,0,0,0
2146,no,0,1,1,0,1,1,0,1,0
2147,no,0,1,1,0,1,1,0,1,0
2148,no,0,1,1,0,1,1,0,1,0
2149,no,0,1,1,0,1,1,0,0,0
2150,no,0,1,1,0,1,1,0,1,0
2151,no,0,1,1,0,1,1,0,1,0
2152,no,0,1,1,0,1,1,0,1,0
2153,no,0,1,1,0,1,1,0,1,0
2154,no,0,1,1,0,1,1,0,1,0
2155,no,0,1,1,0,1,1,0,1,0
2156,no,0,1,1,1,1,1,0,1,0
2157,no,0,1,1,0,1,1,0,1,0
2158,no,0,1,1,0,1,1,0,1,0
2159,no,0,1,1,0,1,1,0,1,0
2160,no,0,1,1,0,1,1,0,1,0
2161,no,0,1,1,0,1,1,0,1,0
2162,no,0,1,1,0,1,1,0,1,0
2163,no,0,1,1,0,1,1,0,1,0
2164,no,0,1,1,0,1,1,0,1,0
2165,no,0,1,1,0,1,1,0,1,0
2166,no,0,1,1,0,1,1,0,1,0
2167,no,1,1,1,0,1,0,0,1,0
2168,no,0,1,1,0,1,1,0,1,0
2169,no,1,1,1,1,1,1,0,1,0
2170,no,0,1,1,0,1,1,1,1,0
2171,no,0,1,1,0,1,1,0,1,0
2172,no,1,1,1,1,1,1,1,1,0
2173,no,1,1,1,0,1,1,1,1,0
2174,no,0,1,1,0,1,1,0,1,0
2175,no,0,1,1,0,1,1,0,1,0
2176,no,0,1,1,0,1,1,0,1,0
2177,no,0,1,1,0,1,1,1,1,0
2178,no,0,1,1,0,1,1,1,1,0
2179,no,0,1,1,0,1,1,0,1,0
2180,no,0,1,1,0,1,1,0,1,0
2181,no,0,1,1,1,1,1,0,1,0
2182,no,0,1,1,1,1,1,0,1,0
2183,no,0,1,1,0,1,1,0,1,0
2184,no,0,1,1,0,1,1,0,1,0
2185,no,0,1,1,0,1,1,0,1,0
2186,no,0,1,1,0,1,1,0,1,0
2187,no,1,1,1,0,1,1,0,1,0
2188,no,0,1,1,0,1,1,0,1,0
2189,no,0,1,1,0,1,0,0,1,0
2190,no,0,1,1,0,1,1,0,1,0
2191,no,0,1,1,0,1,1,0,1,0
2192,no,1,1,1,0,1,1,0,0,0
2193,no,0,1,1,0,1,1,0,1,0
2194,no,0,1,1,0,1,1,0,1,0
2195,no,0,1,1,0,1,1,0,1,0
2196,no,0,1,1,0,1,1,0,1,0
2197,no,0,1,1,0,1,1,0,1,0
2198,no,0,1,1,0,1,1,0,1,0
2199,no,0,1,1,0,1,1,0,1,0
2200,no,0,1,1,0,1,1,0,1,0
2201,no,0,1,1,0,1,1,0,1,0
2202,no,0,1,1,0,1,1,0,1,0
2203,no,0,1,1,0,1,1,0,1,0
2204,no,0,1,1,0,1,1,0,1,0
2205,no,0,1,1,0,1,1,0,1,0
2206,no,0,1,1,0,1,1,0,1,0
2207,no,0,1,1,0,1,1,0,1,0
2208,no,0,1,1,0,1,1,0,1,0
2209,no,0,1,1,0,1,1,0,1,0
2210,no,0,1,1,0,1,1,0,1,0
2211,no,0,1,1,0,1,1,0,1,0
2212,no,0,1,1,0,1,1,0,1,0
2213,no,0,1,1,0,1,1,0,1,0
2214,no,0,1,1,0,1,1,0,1,0
2215,no,0,1,1,0,1,1,0,1,0
2216,no,0,1,1,0,1,1,0,1,0
2217,no,0,1,1,0,1,1,0,1,0
2218,no,0,1,1,0,1,1,0,1,0
2219,no,0,1,1,0,1,1,0,1,0
2220,no,0,1,1,0,1,1,0,1,0
2221,no,0,1,1,0,1,1,0,1,0
2222,no,0,1,1,0,1,1,0,1,0
2223,no,0,1,1,0,1,1,0,1,0
2224,no,0,1,1,0,1,1,0,1,0
2225,no,0,1,1,0,1,1,0,1,0
2226,no,0,1,1,0,1,1,0,1,0
2227,no,0,1,1,0,1,1,0,1,0
2228,no,0,1,1,0,1,1,0,1,0
2229,no,0,1,1,0,1,1,0,1,0
2230,no,0,1,1,0,1,1,0,1,0
2231,no,0,1,1,0,1,1,0,1,0
2232,no,0,1,1,0,1,1,0,1,0
2233,no,0,1,1,0,1,1,0,1,0
2234,no,0,1,1,1,1,1,0,1,0
2235,no,0,1,1,0,1,1,0,1,0
2236,no,0,1,1,0,1,1,0,1,0
2237,no,0,1,1,0,1,1,0,1,0
2238,no,0,1,1,0,1,1,0,1,0
2239,no,0,1,1,0,1,1,0,1,0
2240,no,0,1,1,0,1,1,0,1,0
2241,no,0,1,1,0,1,1,0,1,0
2242,no,0,1,1,0,1,1,0,1,0
2243,no,0,1,1,0,1,1,0,1,0
2244,no,0,1,1,0,1,1,0,1,0
2245,no,0,1,1,0,1,1,0,1,0
2246,no,0,1,1,0,1,1,0,1,0
2247,no,0,1,1,0,1,1,0,1,0
2248,no,0,1,1,0,1,1,0,1,0
2249,no,0,1,1,0,1,1,0,1,0
2250,no,0,1,1,0,1,1,0,1,0
2251,no,0,1,1,0,1,1,0,1,0
2252,no,0,1,1,0,1,1,0,1,0
2253,no,0,1,1,0,1,1,0,1,0
2254,no,0,1,1,0,1,1,0,1,0
2255,no,0,1,1,0,1,1,0,1,0
2256,no,0,1,1,0,1,1,0,1,0
2257,no,0,1,1,0,1,1,0,1,0
2258,no,0,1,1,0,1,1,0,1,0
2259,no,0,1,1,0,1,1,0,1,0
2260,no,0,1,1,0,1,1,0,1,0
2261,no,0,1,1,0,1,1,0,1,0
2262,no,0,1,1,0,1,1,0,1,0
2263,no,0,1,1,0,1,1,0,1,0
2264,no,0,1,1,0,1,1,0,1,0
2265,no,0,1,1,0,1,1,0,1,0
2266,no,0,1,1,0,1,1,0,1,0
2267,no,0,1,1,0,1,1,0,1,0
2268,no,0,1,1,0,1,1,0,1,0
2269,no,0,1,1,0,1,1,0,1,0
2270,no,0,1,1,0,1,1,0,1,0
2271,no,0,1,1,0,1,1,0,1,0
2272,no,0,1,1,0,1,1,0,1,0
2273,no,0,1,1,0,1,1,0,1,0
2274,no,0,1,1,0,1,1,0,1,0
2275,no,0,1,1,0,1,1,0,1,0
2276,no,0,1,1,0,1,1,0,1,0
2277,no,0,1,1,0,1,1,0,1,0
2278,no,0,1,1,0,1,1,0,1,0
2279,no,0,1,1,0,1,1,0,1,0
2280,no,0,1,1,0,1,1,0,1,0
2281,no,0,1,1,0,1,1,0,1,0
2282,no,0,1,1,0,1,1,0,1,0
2283,no,0,1,1,0,1,1,0,1,0
2284,no,0,1,1,0,1,1,0,1,0
2285,no,0,1,1,0,1,1,0,1,0
2286,no,0,1,1,0,1,1,0,1,0
2287,no,0,1,1,0,1,1,0,1,0
2288,no,0,1,1,0,1,1,0,1,0
2289,no,0,1,1,0,1,1,0,1,0
2290,no,0,1,1,0,1,1,0,1,0
2291,no,0,1,1,0,1,1,0,1,0
2292,no,0,1,1,0,1,1,0,1,0
2293,no,0,1,1,0,1,1,0,1,0
2294,no,0,1,1,0,1,1,0,1,0
2295,no,0,1,1,0,1,1,0,1,0
2296,no,0,1,1,0,1,1,0,1,0
2297,no,0,1,1,0,1,1,0,1,0
2298,no,0,1,1,0,1,1,0,1,0
2299,no,0,1,1,0,1,1,0,1,0
2300,no,0,1,1,0,1,1,0,1,0
2301,no,0,1,1,0,1,1,0,1,0
2302,no,0,1,1,0,1,1,0,1,0
2303,no,0,1,1,0,1,1,0,1,0
2304,no,0,1,1,0,1,1,0,1,0
2305,no,0,1,1,0,1,1,0,1,0
2306,no,0,1,1,0,1,1,0,1,0
2307,no,0,1,1,0,1,1,0,1,0
2308,no,0,1,1,0,1,1,0,1,0
2309,no,0,1,1,0,1,1,0,1,0
2310,no,0,1,1,0,1,1,0,1,0
2311,no,0,1,1,0,1,1,0,1,0
2312,no,0,1,1,0,1,1,0,1,0
2313,no,0,1,1,0,1,1,0,1,0
2314,no,0,1,1,0,1,1,0,1,0
2315,no,0,1,1,0,1,1,0,1,0
2316,no,0,1,1,0,1,1,0,1,0
2317,no,0,1,1,0,1,1,0,1,0
2318,no,0,1,1,0,1,1,0,1,0
2319,no,0,1,1,0,1,1,0,1,0
2320,no,0,1,1,0,1,1,0,1,0
2321,no,0,1,1,0,1,1,0,1,0
2322,no,0,1,1,0,1,1,0,1,0
2323,no,0,1,1,0,1,1,0,1,0
2324,no,0,1,1,0,1,1,0,1,0
2325,no,0,1,1,0,1,1,0,1,0
2326,no,0,1,1,0,1,1,0,1,0
2327,no,0,1,1,0,1,1,0,1,0
2328,no,0,1,1,0,1,1,0,1,0
2329,no,0,1,1,0,1,1,0,1,0
2330,no,0,1,1,0,1,1,0,1,0
2331,no,0,1,1,0,1,1,0,1,0
2332,no,0,1,1,0,1,1,0,1,0
2333,no,0,1,1,0,1,1,0,1,0
2334,no,0,1,1,0,1,1,0,1,0
2335,no,0,1,1,0,1,1,0,1,0
2336,no,0,1,1,0,1,1,0,1,0
2337,no,0,1,1,0,1,1,0,1,0
2338,no,0,1,1,0,1,1,0,1,0
2339,no,0,1,1,0,1,1,0,1,0
2340,no,0,1,1,0,1,1,0,1,0
2341,no,0,1,1,0,1,1,0,1,0
2342,no,0,1,1,0,1,1,0,1,0
2343,no,0,1,1,0,1,1,0,1,0
2344,no,0,1,1,0,1,1,0,1,0
2345,no,0,1,1,0,1,1,0,1,0
2346,no,0,1,1,0,1,1,0,1,0
2347,no,0,1,1,0,1,1,0,1,0
2348,no,0,1,1,1,1,1,0,1,0
2349,no,0,1,1,0,1,1,0,1,0
2350,no,0,1,1,0,1,1,0,1,0
2351,no,0,1,1,0,1,1,0,1,0
2352,no,0,1,1,0,1,1,0,1,0
2353,no,0,1,1,0,1,1,0,1,0
2354,no,0,1,1,0,1,1,0,1,0
2355,no,0,1,1,0,1,1,0,1,0
2356,no,0,1,1,0,1,1,0,1,0
2357,no,0,1,1,0,1,1,0,1,0
2358,no,0,1,1,0,1,1,0,1,0
2359,no,0,1,1,0,1,1,0,1,0
2360,no,0,1,1,0,1,1,0,1,0
2361,no,0,1,1,0,1,1,0,1,0
2362,no,0,1,1,0,1,1,0,1,0
2363,no,0,1,1,0,1,1,0,1,0
2364,no,0,1,1,0,1,1,0,1,0
2365,no,0,1,1,0,1,1,0,1,0
2366,no,0,1,1,1,1,1,0,1,0
2367,no,0,1,1,0,1,1,0,1,0
2368,no,0,1,1,0,1,1,0,1,0
2369,no,0,1,1,0,1,1,0,1,0
2370,no,0,1,1,0,1,1,0,1,0
2371,no,0,1,1,0,1,1,0,1,0
2372,no,0,1,1,0,1,1,0,1,0
2373,no,0,1,1,0,1,1,0,1,0
2374,no,0,1,1,0,1,1,0,1,0
2375,no,0,1,1,0,1,1,0,1,0
2376,no,0,1,1,0,1,1,0,1,0
2377,no,0,1,1,0,1,1,0,1,0
2378,no,0,1,1,0,1,1,0,1,0
2379,no,0,1,1,0,1,1,0,1,0
2380,no,0,1,1,0,1,1,0,1,0
2381,no,0,1,1,0,1,1,0,1,0
2382,no,0,1,1,0,1,1,0,1,0
2383,no,0,1,1,0,1,1,0,1,0
2384,no,0,1,1,0,1,1,0,1,0
2385,no,0,1,1,0,1,1,0,1,0
2386,no,0,1,1,0,1,1,0,1,0
2387,no,0,1,1,0,1,1,0,1,0
2388,no,0,1,1,0,1,1,0,1,0
2389,no,0,1,1,0,1,1,0,1,0
2390,no,0,1,1,0,1,1,0,1,0
2391,no,0,1,1,0,1,1,0,1,0
2392,no,0,1,1,0,1,1,0,1,0
2393,no,0,1,1,0,1,1,0,1,0
2394,no,0,1,1,0,1,1,0,1,0
2395,no,0,1,1,0,1,1,0,1,0
2396,no,0,1,1,0,1,1,0,1,0
2397,no,0,1,1,0,1,1,0,1,0
2398,no,0,1,1,0,1,1,0,1,0
2399,no,0,1,1,0,1,1,0,1,0
2400,no,0,1,1,0,1,1,0,1,0
2401,no,0,1,1,0,1,1,0,1,0
2402,no,0,1,1,0,1,1,0,1,0
2403,no,0,1,1,0,1,1,0,1,0
2404,no,0,1,1,0,1,1,0,1,0
2405,no,0,1,1,0,1,1,0,1,0
2406,no,0,1,1,0,1,1,0,1,0
2407,no,0,1,1,0,1,1,0,1,0
2408,no,0,1,1,0,1,1,0,1,0
2409,no,0,1,1,0,1,1,0,1,0
2410,no,0,1,1,0,1,1,0,1,0
2411,no,0,1,1,0,1,1,0,1,0
2412,no,0,1,1,0,1,1,0,1,0
2413,no,0,1,1,0,1,1,0,1,0
2414,no,0,1,1,0,1,1,0,1,0
2415,no,0,1,1,0,1,1,0,1,0
2416,no,0,1,1,0,1,1,0,1,0
2417,no,0,1,1,0,1,1,0,1,0
2418,no,0,1,1,0,1,1,0,1,0
2419,no,0,1,1,0,1,1,0,1,0
2420,no,0,1,1,0,1,1,0,1,0
2421,no,0,1,1,0,1,1,0,1,0
2422,no,0,1,1,0,1,1,0,1,0
2423,no,0,1,1,0,1,1,0,1,0
2424,no,0,1,1,0,1,1,0,1,0
2425,no,0,1,1,0,1,1,0,1,0
2426,no,0,1,1,0,1,1,0,1,0
2427,no,0,1,1,0,1,1,0,1,0
2428,no,0,1,1,1,1,1,0,1,0
2429,no,0,1,1,0,1,1,0,1,0
2430,no,0,1,1,0,1,1,0,1,0
2431,no,0,1,1,0,1,1,0,1,0
2432,no,0,1,1,0,1,1,0,1,0
2433,no,0,1,1,0,1,1,0,1,0
2434,no,0,1,1,0,1,1,0,1,0
2435,no,0,1,1,0,1,1,0,1,0
2436,no,0,1,1,0,1,1,0,1,0
2437,no,0,1,1,0,1,1,0,1,0
2438,no,0,1,1,0,1,1,0,1,0
2439,no,0,1,1,0,1,1,0,1,0
2440,no,0,1,1,0,1,1,0,1,0
2441,no,0,1,1,0,1,1,0,1,0
2442,no,0,1,1,0,1,1,0,1,0
2443,no,0,1,1,0,1,1,0,1,0
2444,no,0,1,1,0,1,1,0,1,0
2445,no,0,1,1,0,1,1,0,1,0
2446,no,0,1,1,0,1,1,0,1,0
2447,no,0,1,1,0,1,1,0,1,0
2448,no,0,1,1,0,1,1,0,1,0
2449,no,0,1,1,1,1,1,0,1,0
2450,no,0,1,1,0,1,1,0,1,0
2451,no,0,1,1,0,1,1,0,1,0
2452,no,0,1,1,0,1,1,0,1,0
2453,no,0,1,1,0,1,1,0,1,0
2454,no,0,1,1,0,1,1,0,1,0
2455,no,0,1,1,0,1,1,0,1,0
2456,no,0,1,1,0,1,1,0,1,0
2457,no,0,1,1,0,1,1,0,1,0
2458,no,0,1,1,0,1,1,0,1,0
2459,no,0,1,1,0,1,1,0,1,0
2460,no,0,1,1,0,1,1,0,1,0
2461,no,0,1,1,0,1,1,0,1,0
2462,no,0,1,1,0,1,1,0,1,0
2463,no,0,1,1,0,1,1,0,1,0
2464,no,0,1,1,0,1,1,0,1,0
2465,no,0,1,1,0,1,1,0,1,0
2466,no,0,1,1,0,1,1,0,1,0
2467,no,0,1,1,0,1,1,0,1,0
2468,no,0,1,1,0,1,1,0,1,0
2469,no,0,1,1,0,1,1,0,1,0
2470,no,0,1,1,0,1,1,0,1,0
2471,no,0,1,1,0,1,1,0,1,0
2472,no,0,1,1,0,1,1,0,1,0
2473,no,0,1,1,0,1,1,0,1,0
2474,no,0,1,1,0,1,1,0,1,0
2475,no,0,1,1,0,1,1,0,1,0
2476,no,0,1,1,0,1,1,0,1,0
2477,no,0,1,1,0,1,1,0,1,0
2478,no,0,1,1,0,1,1,0,1,0
2479,no,0,1,1,0,1,1,0,1,0
2480,no,0,1,1,0,1,1,0,1,0
2481,no,0,1,1,0,1,1,0,1,0
2482,no,0,1,1,0,1,1,0,1,0
2483,no,0,1,1,0,1,1,0,1,0
2484,no,0,1,1,0,1,1,0,1,0
2485,no,0,1,1,0,1,1,0,1,0
2486,no,0,1,1,0,1,1,0,1,0
2487,no,0,1,1,0,1,1,0,1,0
2488,no,0,1,1,0,1,1,0,1,0
2489,no,0,1,1,0,1,1,0,1,0
2490,no,0,1,1,0,1,1,0,1,0
2491,no,0,1,1,0,1,1,0,1,0
2492,no,0,1,1,0,1,1,0,1,0
2493,no,0,1,1,0,1,1,0,1,0
2494,no,0,1,1,0,1,1,0,1,0
2495,no,0,1,1,0,1,1,0,1,0
2496,no,0,1,1,0,1,1,0,1,0
2497,no,0,1,1,0,1,1,0,1,0
2498,no,0,1,1,0,1,1,0,1,0
2499,no,0,1,1,0,1,1,0,1,0
2500,no,0,1,1,0,1,1,0,1,0
2501,no,0,1,1,0,1,1,0,1,0
2502,yes,1,1,1,1,1,0,1,1,0
2503,yes,0,1,1,1,1,0,1,0,0
2504,yes,0,1,1,0,1,1,0,0,0
2505,yes,1,1,1,0,1,1,1,0,0
2506,yes,0,1,1,0,1,0,1,0,0
2507,yes,1,1,1,1,0,1,0,0,0
2508,yes,1,1,1,1,1,0,1,0,0
2509,yes,1,1,1,1,0,1,0,0,0
2510,yes,1,1,1,1,1,1,0,0,0
2511,yes,0,1,1,0,1,1,0,1,0
2512,yes,0,1,1,0,1,1,0,1,0
2513,yes,1,1,1,1,1,1,0,0,0
2514,yes,0,1,1,0,1,1,0,0,0
2515,yes,0,1,1,0,1,1,0,1,0
2516,yes,1,1,1,1,1,0,1,1,0
2517,yes,0,1,1,0,1,1,0,1,0
2518,yes,1,1,1,0,1,1,0,0,0
2519,yes,0,1,1,0,1,1,1,0,0
2520,yes,1,1,1,0,1,1,0,0,0
2521,yes,1,1,1,1,0,1,0,0,0
2522,yes,0,1,1,1,1,1,0,0,0
2523,yes,0,1,1,1,1,1,0,0,0
2524,yes,1,1,1,0,1,0,0,1,0
2525,yes,0,1,1,1,1,1,0,1,0
2526,yes,1,1,1,0,1,1,1,1,0
2527,yes,1,1,1,0,1,1,1,0,0
2528,yes,0,1,1,0,1,1,1,0,0
2529,yes,0,1,1,1,1,1,0,1,0
2530,yes,1,1,1,1,1,0,0,1,0
2531,yes,0,1,1,0,1,1,0,0,0
2532,yes,0,1,1,0,1,1,0,0,0
2533,yes,1,1,1,0,0,0,0,1,0
2534,yes,1,1,1,1,1,0,0,0,0
2535,yes,0,1,1,0,1,0,0,1,0
2536,yes,1,1,1,0,1,1,0,1,0
2537,yes,0,1,1,0,1,1,0,1,0
2538,yes,0,1,1,0,1,1,0,1,0
2539,yes,0,1,1,0,1,1,0,1,0
2540,yes,0,1,1,1,1,1,0,0,0
2541,yes,1,1,1,1,1,0,0,0,0
2542,yes,1,1,1,1,1,0,0,0,0
2543,yes,1,1,1,0,1,1,0,1,0
2544,yes,1,1,1,1,1,0,0,0,0
2545,yes,1,1,1,1,1,0,0,0,0
2546,yes,0,1,1,0,1,1,0,1,0
2547,yes,0,1,1,0,1,1,0,0,0
2548,yes,0,1,1,1,1,1,0,1,0
2549,yes,0,1,1,1,1,1,1,1,0
2550,yes,1,1,1,0,1,1,0,1,0
2551,yes,0,1,1,0,1,0,0,0,0
2552,yes,0,1,1,0,1,1,0,0,0
2553,yes,1,1,1,0,1,0,0,0,0
2554,yes,0,1,1,0,1,1,0,1,0
2555,yes,1,1,1,1,1,0,0,0,0
2556,yes,0,1,1,0,1,1,0,0,0
2557,yes,0,1,1,0,1,0,0,0,0
2558,yes,1,1,1,1,0,0,0,0,0
2559,yes,1,1,1,1,1,0,1,0,0
2560,yes,0,1,1,0,1,1,0,1,0
2561,yes,0,1,1,0,1,1,0,0,0
2562,yes,0,1,1,1,1,1,0,0,0
2563,yes,0,1,1,0,1,1,0,0,0
2564,yes,0,1,1,0,1,1,0,0,0
2565,yes,1,1,1,1,1,0,0,0,0
2566,yes,0,1,1,0,1,1,0,0,0
2567,yes,0,1,1,0,1,0,1,0,0
2568,yes,0,1,1,0,1,1,0,0,0
2569,yes,1,1,1,0,1,0,0,0,0
2570,yes,1,1,1,0,1,1,0,0,0
2571,yes,1,1,1,1,1,1,1,0,0
2572,yes,0,1,1,0,1,1,0,0,0
2573,yes,0,1,1,0,1,1,0,0,0
2574,yes,1,1,1,0,1,0,1,0,0
2575,yes,1,1,1,0,1,0,0,0,0
2576,yes,0,1,1,0,1,1,0,0,0
2577,yes,1,1,1,1,1,0,0,1,0
2578,yes,1,1,1,1,1,0,0,0,0
2579,yes,0,1,1,1,1,1,0,0,0
2580,yes,1,1,1,0,1,0,0,1,0
2581,yes,0,1,1,1,1,1,0,0,0
2582,yes,0,1,1,0,1,1,0,1,0
2583,yes,1,1,1,1,1,1,0,0,0
2584,yes,0,1,1,0,1,1,0,1,0
2585,yes,1,1,1,0,1,0,0,0,0
2586,yes,1,1,1,0,1,0,0,0,0
2587,yes,0,1,1,0,1,0,0,1,0
2588,yes,0,1,1,0,1,1,0,0,0
2589,yes,0,1,1,0,1,1,0,0,0
2590,yes,0,1,1,0,1,1,0,0,0
2591,yes,0,1,1,0,1,1,0,1,0
2592,yes,0,1,1,0,1,1,0,0,0
2593,yes,1,1,1,1,1,0,0,1,0
2594,yes,1,1,1,0,1,1,0,0,0
2595,yes,1,1,1,1,1,0,1,0,0
2596,yes,1,1,1,0,1,1,0,0,0
2597,yes,0,1,1,0,1,1,0,0,0
2598,yes,0,1,1,0,1,1,0,1,0
2599,yes,0,1,1,1,1,1,0,0,0
2600,yes,1,1,1,0,1,0,0,0,0
2601,yes,1,1,1,0,1,0,0,0,0
2602,yes,1,1,1,0,1,0,1,1,0
2603,yes,1,1,1,0,1,0,0,1,0
2604,yes,1,1,1,0,1,0,0,1,0
2605,yes,1,1,1,0,1,0,0,1,0
2606,yes,1,1,1,0,1,0,0,1,0
2607,yes,1,1,1,0,1,0,0,1,0
2608,yes,1,1,1,0,1,0,0,1,0
2609,yes,0,1,1,0,1,0,0,1,0
2610,yes,1,1,1,1,1,1,0,1,0
2611,yes,0,1,1,0,1,1,0,0,0
2612,yes,0,1,1,0,1,1,0,1,0
2613,yes,0,1,1,0,1,1,0,1,0
2614,yes,0,1,1,0,1,1,0,0,0
2615,yes,1,1,1,0,1,0,1,1,0
2616,yes,1,1,1,1,1,0,0,1,0
2617,yes,1,1,1,0,1,1,0,1,0
2618,yes,0,1,1,0,1,1,1,0,0
2619,yes,0,1,1,0,1,1,1,0,0
2620,yes,0,1,1,0,1,1,1,0,0
2621,yes,0,1,1,0,1,1,1,1,0
2622,yes,0,1,1,0,1,1,0,0,0
2623,yes,1,1,1,1,1,1,0,0,0
2624,yes,0,1,1,0,1,1,1,0,0
2625,yes,1,1,1,1,0,0,1,0,0
2626,yes,1,1,1,0,1,0,0,0,0
2627,yes,1,1,1,0,1,0,0,0,0
2628,yes,1,1,1,0,1,0,0,0,0
2629,yes,0,1,1,1,1,1,0,0,0
2630,yes,1,1,1,1,1,0,0,0,0
2631,yes,0,1,1,0,1,1,1,0,0
2632,yes,1,1,1,1,0,0,0,0,0
2633,yes,1,1,1,0,1,1,1,1,0
2634,yes,1,1,1,0,1,1,1,0,0
2635,yes,0,1,1,1,1,1,0,1,0
2636,yes,1,1,1,1,0,0,1,0,0
2637,yes,1,1,1,1,1,0,0,0,0
2638,yes,1,1,1,0,1,0,0,1,0
2639,yes,0,1,1,0,1,1,0,0,0
2640,yes,1,1,1,0,1,0,0,0,0
2641,yes,0,1,1,1,1,1,0,1,0
2642,yes,0,1,1,0,1,1,0,0,0
2643,yes,0,1,1,1,1,1,0,0,0
2644,yes,0,1,1,0,1,1,0,0,0
2645,yes,1,1,1,1,0,1,0,0,0
2646,yes,0,1,1,0,1,1,0,1,0
2647,yes,1,1,1,0,1,0,0,1,0
2648,yes,1,1,1,0,1,0,0,1,0
2649,yes,1,1,1,0,1,0,0,1,0
2650,yes,1,1,1,0,1,0,0,1,0
2651,yes,1,1,1,0,1,0,0,1,0
2652,yes,1,1,1,0,1,0,0,1,0
2653,yes,1,1,1,0,1,0,0,1,0
2654,yes,1,1,1,0,1,0,0,1,0
2655,yes,1,1,1,0,1,0,0,1,0
2656,yes,1,1,1,0,1,0,0,1,0
2657,yes,1,1,1,0,1,0,0,1,0
2658,yes,1,1,1,0,1,0,0,1,0
2659,yes,1,1,1,0,1,0,0,1,0
2660,yes,1,1,1,0,1,0,0,1,0
2661,yes,1,1,1,0,1,0,0,1,0
2662,yes,1,1,1,0,1,0,0,1,0
2663,yes,1,1,1,0,1,0,0,1,0
2664,yes,1,1,1,0,1,0,0,1,0
2665,yes,1,1,1,0,1,0,0,1,0
2666,yes,1,1,1,0,1,0,0,1,0
2667,yes,0,1,1,0,1,0,0,0,0
2668,yes,1,1,1,0,1,0,0,1,0
2669,yes,1,1,1,0,1,0,0,1,0
2670,yes,1,1,1,0,1,0,0,1,0
2671,yes,1,1,1,0,1,0,0,1,0
2672,yes,1,1,1,0,1,0,0,1,0
2673,yes,1,1,1,0,1,0,0,1,0
2674,yes,1,1,1,0,1,0,0,1,0
2675,yes,1,1,1,0,1,0,0,1,0
2676,yes,1,1,1,0,1,0,0,1,0
2677,yes,1,1,1,0,1,0,0,1,0
2678,yes,1,1,1,0,1,0,0,1,0
2679,yes,1,1,1,0,1,0,0,1,0
2680,yes,1,1,1,0,1,0,0,1,0
2681,yes,1,1,1,0,1,0,0,1,0
2682,yes,1,1,1,0,1,0,0,1,0
2683,yes,1,1,1,0,1,0,0,1,0
2684,yes,1,1,1,0,1,0,0,1,0
2685,yes,1,1,1,0,1,0,0,1,0
2686,yes,1,1,1,0,1,0,0,1,0
2687,yes,1,1,1,0,1,0,0,1,0
2688,yes,1,1,1,0,1,0,0,1,0
2689,yes,1,1,1,0,1,0,0,1,0
2690,yes,1,1,1,0,1,0,0,1,0
2691,yes,1,1,1,0,1,0,0,1,0
2692,yes,1,1,1,0,1,0,0,1,0
2693,yes,1,1,1,0,1,0,0,1,0
2694,yes,1,1,1,0,1,0,0,1,0
2695,yes,1,1,1,0,1,0,0,1,0
2696,yes,1,1,1,0,1,0,0,1,0
2697,yes,1,1,1,0,1,0,0,1,0
2698,yes,1,1,1,1,0,0,1,0,0
2699,yes,1,1,1,1,1,0,0,0,0
2700,yes,0,1,1,0,1,1,0,0,0
2701,yes,1,1,1,1,1,0,0,0,0
2702,yes,0,1,1,0,1,1,0,0,0
2703,yes,1,1,1,0,1,0,1,0,0
2704,yes,1,1,1,0,1,1,0,0,0
2705,yes,1,1,1,1,1,0,0,0,0
2706,yes,1,1,1,1,1,0,1,1,0
2707,yes,0,1,1,1,1,0,0,1,0
2708,yes,0,1,1,0,1,1,0,1,0
2709,yes,1,1,1,1,1,1,1,0,0
2710,yes,1,1,1,1,1,1,0,0,0
2711,yes,1,1,1,0,1,0,1,1,0
2712,yes,1,1,1,0,1,1,0,0,0
2713,yes,1,1,1,1,1,0,0,1,0
2714,yes,1,1,1,0,1,0,0,0,0
2715,yes,0,1,1,0,1,1,0,1,0
2716,yes,0,1,1,1,1,0,0,0,0
2717,yes,0,1,1,0,1,1,0,1,0
2718,yes,1,1,1,0,1,0,0,1,0
2719,yes,1,1,1,0,1,0,0,0,0
2720,yes,0,1,1,0,1,1,0,0,0
2721,yes,1,1,1,1,1,1,0,1,0
2722,yes,0,1,1,0,1,1,0,1,0
2723,yes,1,1,1,0,1,1,0,1,0
2724,yes,0,1,1,0,1,1,0,0,0
2725,yes,0,1,1,0,1,1,0,0,0
2726,yes,1,1,1,0,1,0,0,0,0
2727,yes,0,1,1,1,1,1,0,0,0
2728,yes,0,1,1,0,1,0,0,0,0
2729,yes,0,1,1,0,1,1,0,1,0
2730,yes,1,1,1,0,0,1,0,0,0
2731,yes,0,1,1,0,1,1,0,0,0
2732,yes,1,1,1,0,1,0,0,0,0
2733,yes,0,1,1,0,1,1,0,0,0
2734,yes,1,1,1,0,1,0,0,0,0
2735,yes,0,1,1,0,1,0,0,0,0
2736,yes,0,1,1,0,1,0,0,1,0
2737,yes,0,1,1,0,1,1,0,1,0
2738,yes,0,1,1,0,1,1,0,0,0
2739,yes,1,1,1,0,1,0,0,0,0
2740,yes,0,1,1,0,1,1,0,0,0
2741,yes,0,1,1,1,1,1,0,0,0
2742,yes,0,1,1,0,1,1,0,1,0
2743,yes,0,1,1,0,1,1,0,0,0
2744,yes,1,1,1,0,1,0,0,1,0
2745,yes,1,1,1,1,1,0,0,1,0
2746,yes,0,1,1,1,1,1,0,0,0
2747,yes,0,1,1,0,1,0,0,1,0
2748,yes,1,1,1,1,1,0,0,0,0
2749,yes,0,1,1,0,1,1,0,1,0
2750,yes,1,1,1,1,0,0,0,0,0
2751,yes,1,1,1,1,1,0,0,1,0
2752,yes,0,1,1,0,1,1,0,0,0
2753,yes,0,1,1,0,1,1,0,1,0
2754,yes,0,1,1,0,1,1,1,0,0
2755,yes,1,1,1,0,1,1,1,0,0
2756,yes,1,1,1,0,0,0,1,1,0
2757,yes,1,1,1,0,1,1,1,1,0
2758,yes,1,1,1,1,1,0,0,1,0
2759,yes,1,1,1,1,1,0,1,0,0
2760,yes,0,1,1,0,1,1,0,0,0
2761,yes,1,1,1,1,1,1,0,0,0
2762,yes,0,1,1,0,1,1,0,0,0
2763,yes,0,1,1,0,1,1,0,0,0
2764,yes,0,1,1,1,1,0,0,1,0
2765,yes,0,1,1,1,1,1,0,1,0
2766,yes,1,1,1,0,1,0,0,1,0
2767,yes,0,1,1,0,1,1,0,0,0
2768,yes,1,1,1,0,1,1,0,0,0
2769,yes,0,1,1,0,1,1,0,0,0
2770,yes,0,1,1,0,1,1,0,0,0
2771,yes,0,1,1,0,1,1,0,0,0
2772,yes,0,1,1,0,1,1,0,0,0
2773,yes,0,1,1,0,1,1,0,0,0
2774,yes,0,1,1,0,1,1,0,0,0
2775,yes,1,1,1,0,1,0,0,0,0
2776,yes,0,1,1,0,1,1,0,0,0
2777,yes,0,1,1,0,1,1,1,0,0
2778,yes,0,1,1,0,1,1,0,1,0
2779,yes,1,1,1,0,1,1,0,1,0
2780,yes,0,1,1,0,1,1,0,1,0
2781,yes,0,1,1,0,1,1,0,0,0
2782,yes,0,1,1,1,1,1,0,1,0
2783,yes,1,1,1,1,1,1,0,0,0
2784,yes,1,1,1,0,1,0,0,0,0
2785,yes,0,1,1,0,1,1,0,0,0
2786,yes,0,1,1,0,1,1,0,0,0
2787,yes,0,1,1,0,1,1,0,1,0
2788,yes,0,1,1,0,1,0,0,0,0
2789,yes,1,1,1,1,1,1,0,1,0
2790,yes,1,1,1,0,1,0,0,1,0
2791,yes,1,1,1,0,1,0,0,0,0
2792,yes,0,1,1,0,1,1,0,0,0
2793,yes,0,1,1,0,1,0,0,0,0
2794,yes,0,1,1,1,1,1,0,0,0
2795,yes,0,1,1,0,1,1,0,0,0
2796,yes,1,1,1,0,1,0,0,0,0
2797,yes,0,1,1,0,1,1,0,0,0
2798,yes,0,1,1,0,1,0,0,0,0
2799,yes,0,1,1,0,1,1,0,0,0
2800,yes,1,1,1,1,1,0,0,0,0
2801,yes,1,1,1,1,1,0,0,0,0
2802,yes,0,1,1,0,1,1,0,0,0
2803,no,0,1,1,0,1,1,0,1,0
2804,no,0,1,1,0,1,1,0,1,0
2805,no,0,1,1,0,1,1,0,1,0
2806,no,0,1,1,0,1,1,0,1,0
2807,no,0,1,1,0,1,1,0,1,0
2808,no,0,1,1,0,1,1,0,1,0
2809,no,0,1,1,0,1,1,0,1,0
2810,no,0,1,1,0,1,1,0,1,0
2811,no,0,1,1,0,1,1,0,1,0
2812,no,0,1,1,0,1,1,0,1,0
2813,no,0,1,1,0,1,1,0,1,0
2814,no,0,1,1,0,1,1,0,1,0
2815,no,0,1,1,0,1,1,0,1,0
2816,no,0,1,1,0,1,1,0,1,0
2817,no,0,1,1,0,1,1,0,1,0
2818,no,0,1,1,0,1,1,0,1,0
2819,no,0,1,1,0,1,1,0,1,0
2820,no,0,1,1,0,1,1,0,1,0
2821,no,0,1,1,0,1,1,0,1,0
2822,no,0,1,1,0,1,1,0,1,0
2823,no,0,1,1,0,1,1,0,1,0
2824,no,0,1,1,0,1,1,0,1,0
2825,no,0,1,1,0,1,1,0,1,0
2826,no,0,1,1,0,1,1,0,1,0
2827,no,0,1,1,0,1,1,0,1,0
2828,no,0,1,1,0,1,1,0,1,0
2829,no,0,1,1,0,1,1,0,1,0
2830,no,0,1,1,0,1,1,0,1,0
2831,no,0,1,1,0,1,1,0,1,0
2832,no,0,1,1,0,1,1,0,1,0
2833,no,0,1,1,0,1,1,0,1,0
2834,no,0,1,1,0,1,1,0,1,0
2835,no,0,1,1,0,1,1,0,1,0
2836,no,0,1,1,0,1,1,0,1,0
2837,no,0,1,1,0,1,1,0,1,0
2838,no,0,1,1,0,1,1,0,1,0
2839,no,0,1,1,0,1,1,0,1,0
2840,no,0,1,1,0,1,1,0,1,0
2841,no,0,1,1,0,1,1,0,1,0
2842,no,0,1,1,0,1,1,0,1,0
2843,no,0,1,1,0,1,1,0,1,0
2844,no,0,1,1,1,1,1,0,1,0
2845,no,0,1,1,0,1,1,0,1,0
2846,no,0,1,1,0,1,1,0,1,0
2847,no,0,1,1,0,1,1,0,1,0
2848,no,0,1,1,0,1,1,0,1,0
2849,no,0,1,1,0,1,1,0,1,0
2850,no,0,1,1,0,1,1,0,1,0
2851,no,0,1,1,0,1,1,0,1,0
2852,no,0,1,1,0,1,1,0,1,0
2853,no,0,1,1,0,1,1,0,1,0
2854,no,0,1,1,0,1,1,0,1,0
2855,no,0,1,1,0,1,1,0,1,0
2856,no,0,1,1,0,1,1,0,1,0
2857,no,0,1,1,0,1,1,0,1,0
2858,no,0,1,1,0,1,1,0,1,0
2859,no,0,1,1,0,1,1,0,1,0
2860,no,0,1,1,0,1,1,0,1,0
2861,no,0,1,1,0,1,1,0,1,0
2862,no,0,1,1,0,1,1,0,1,0
2863,no,0,1,1,0,1,1,0,1,0
2864,no,0,1,1,0,1,1,0,1,0
2865,no,0,1,1,0,1,1,0,1,0
2866,no,0,1,1,0,1,1,0,1,0
2867,no,0,1,1,0,1,1,0,1,0
2868,no,0,1,1,0,1,1,0,1,0
2869,no,0,1,1,0,1,1,0,1,0
2870,no,0,1,1,0,1,1,0,1,0
2871,no,0,1,1,0,1,1,0,1,0
2872,no,0,1,1,0,1,1,0,1,0
2873,no,0,1,1,0,1,1,0,1,0
2874,no,0,1,1,0,1,1,0,1,0
2875,no,0,1,1,0,1,1,0,1,0
2876,no,0,1,1,0,1,1,0,1,0
2877,no,0,1,1,0,1,1,0,1,0
2878,no,0,1,1,0,1,1,0,1,0
2879,no,0,1,1,0,1,1,0,1,0
2880,no,0,1,1,0,1,1,0,1,0
2881,no,0,1,1,0,1,1,0,1,0
2882,no,0,1,1,0,1,1,0,1,0
2883,no,0,1,1,0,1,1,0,1,0
2884,no,0,1,1,0,1,1,0,1,0
2885,no,0,1,1,0,1,1,0,1,0
2886,no,0,1,1,0,1,1,0,1,0
2887,no,0,1,1,0,1,1,0,1,0
2888,no,0,1,1,0,1,1,0,1,0
2889,no,0,1,1,0,1,1,0,1,0
2890,no,0,1,1,0,1,1,0,1,0
2891,no,0,1,1,0,1,1,0,1,0
2892,no,0,1,1,0,1,1,0,1,0
2893,no,0,1,1,0,1,1,0,1,0
2894,no,0,1,1,0,1,1,0,1,0
2895,no,0,1,1,0,1,1,0,1,0
2896,no,0,1,1,0,1,1,0,1,0
2897,no,0,1,1,0,1,1,0,1,0
2898,no,0,1,1,0,1,1,0,1,0
2899,no,0,1,1,0,1,1,0,1,0
2900,no,0,1,1,0,1,1,0,1,0
2901,no,0,1,1,0,1,1,0,1,0
2902,no,0,1,1,0,1,1,0,1,0
2903,no,0,1,1,0,1,1,0,1,0
